GEN#	SUB#	μFGEN	FsBestGEN	FsWorstGEN	μTreeSzGEN	μTreeDpGEN	bTreeSzGEN	bTreeDpGEN	wTreeSzGEN	wTreeDpGEN	μFRUN	FsBestRUN	FsWorstRUN	μTreeSzRUN	μTreeDpRUN	bTreeSzRUN	bTreeDpRUN	wTreeSzRUN	wTreeDpRUN		GEN#	SUB#	μFGEN	FsBestGEN	FsWorstGEN	μTreeSzGEN	μTreeDpGEN	bTreeSzGEN	bTreeDpGEN	wTreeSzGEN	wTreeDpGEN	μFRUN	FsBestRUN	FsWorstRUN	μTreeSzRUN	μTreeDpRUN	bTreeSzRUN	bTreeDpRUN	wTreeSzRUN	wTreeDpRUN		GEN#	SUB#	μFGEN	FsBestGEN	FsWorstGEN	μTreeSzGEN	μTreeDpGEN	bTreeSzGEN	bTreeDpGEN	wTreeSzGEN	wTreeDpGEN	μFRUN	FsBestRUN	FsWorstRUN	μTreeSzRUN	μTreeDpRUN	bTreeSzRUN	bTreeDpRUN	wTreeSzRUN	wTreeDpRUN
=AVERAGE(a54, a55, a56, a57, a58, a59, a60, a61, a62, a63)	=AVERAGE(b54, b55, b56, b57, b58, b59, b60, b61, b62, b63)	=AVERAGE(c54, c55, c56, c57, c58, c59, c60, c61, c62, c63)	=AVERAGE(d54, d55, d56, d57, d58, d59, d60, d61, d62, d63)	=AVERAGE(e54, e55, e56, e57, e58, e59, e60, e61, e62, e63)	=AVERAGE(f54, f55, f56, f57, f58, f59, f60, f61, f62, f63)	=AVERAGE(g54, g55, g56, g57, g58, g59, g60, g61, g62, g63)	=AVERAGE(h54, h55, h56, h57, h58, h59, h60, h61, h62, h63)	=AVERAGE(i54, i55, i56, i57, i58, i59, i60, i61, i62, i63)	=AVERAGE(j54, j55, j56, j57, j58, j59, j60, j61, j62, j63)	=AVERAGE(k54, k55, k56, k57, k58, k59, k60, k61, k62, k63)	=AVERAGE(l54, l55, l56, l57, l58, l59, l60, l61, l62, l63)	=AVERAGE(m54, m55, m56, m57, m58, m59, m60, m61, m62, m63)	=AVERAGE(n54, n55, n56, n57, n58, n59, n60, n61, n62, n63)	=AVERAGE(o54, o55, o56, o57, o58, o59, o60, o61, o62, o63)	=AVERAGE(p54, p55, p56, p57, p58, p59, p60, p61, p62, p63)	=AVERAGE(q54, q55, q56, q57, q58, q59, q60, q61, q62, q63)	=AVERAGE(r54, r55, r56, r57, r58, r59, r60, r61, r62, r63)	=AVERAGE(s54, s55, s56, s57, s58, s59, s60, s61, s62, s63)	=AVERAGE(t54, t55, t56, t57, t58, t59, t60, t61, t62, t63)		=STDEV.P(a54, a55, a56, a57, a58, a59, a60, a61, a62, a63)	=STDEV.P(b54, b55, b56, b57, b58, b59, b60, b61, b62, b63)	=STDEV.P(c54, c55, c56, c57, c58, c59, c60, c61, c62, c63)	=STDEV.P(d54, d55, d56, d57, d58, d59, d60, d61, d62, d63)	=STDEV.P(e54, e55, e56, e57, e58, e59, e60, e61, e62, e63)	=STDEV.P(f54, f55, f56, f57, f58, f59, f60, f61, f62, f63)	=STDEV.P(g54, g55, g56, g57, g58, g59, g60, g61, g62, g63)	=STDEV.P(h54, h55, h56, h57, h58, h59, h60, h61, h62, h63)	=STDEV.P(i54, i55, i56, i57, i58, i59, i60, i61, i62, i63)	=STDEV.P(j54, j55, j56, j57, j58, j59, j60, j61, j62, j63)	=STDEV.P(k54, k55, k56, k57, k58, k59, k60, k61, k62, k63)	=STDEV.P(l54, l55, l56, l57, l58, l59, l60, l61, l62, l63)	=STDEV.P(m54, m55, m56, m57, m58, m59, m60, m61, m62, m63)	=STDEV.P(n54, n55, n56, n57, n58, n59, n60, n61, n62, n63)	=STDEV.P(o54, o55, o56, o57, o58, o59, o60, o61, o62, o63)	=STDEV.P(p54, p55, p56, p57, p58, p59, p60, p61, p62, p63)	=STDEV.P(q54, q55, q56, q57, q58, q59, q60, q61, q62, q63)	=STDEV.P(r54, r55, r56, r57, r58, r59, r60, r61, r62, r63)	=STDEV.P(s54, s55, s56, s57, s58, s59, s60, s61, s62, s63)	=STDEV.P(t54, t55, t56, t57, t58, t59, t60, t61, t62, t63)		=STDEV.P(a2, a3, a4, a5, a6, a7, a8, a9, a10, a11, a12, a13, a14, a15, a16, a17, a18, a19, a20, a21, a22, a23, a24, a25, a26, a27, a28, a29, a30, a31, a32, a33, a34, a35, a36, a37, a38, a39, a40, a41, a42, a43, a44, a45, a46, a47, a48, a49, a50, a51, a52)	=STDEV.P(b2, b3, b4, b5, b6, b7, b8, b9, b10, b11, b12, b13, b14, b15, b16, b17, b18, b19, b20, b21, b22, b23, b24, b25, b26, b27, b28, b29, b30, b31, b32, b33, b34, b35, b36, b37, b38, b39, b40, b41, b42, b43, b44, b45, b46, b47, b48, b49, b50, b51, b52)	=STDEV.P(c2, c3, c4, c5, c6, c7, c8, c9, c10, c11, c12, c13, c14, c15, c16, c17, c18, c19, c20, c21, c22, c23, c24, c25, c26, c27, c28, c29, c30, c31, c32, c33, c34, c35, c36, c37, c38, c39, c40, c41, c42, c43, c44, c45, c46, c47, c48, c49, c50, c51, c52)	=STDEV.P(d2, d3, d4, d5, d6, d7, d8, d9, d10, d11, d12, d13, d14, d15, d16, d17, d18, d19, d20, d21, d22, d23, d24, d25, d26, d27, d28, d29, d30, d31, d32, d33, d34, d35, d36, d37, d38, d39, d40, d41, d42, d43, d44, d45, d46, d47, d48, d49, d50, d51, d52)	=STDEV.P(e2, e3, e4, e5, e6, e7, e8, e9, e10, e11, e12, e13, e14, e15, e16, e17, e18, e19, e20, e21, e22, e23, e24, e25, e26, e27, e28, e29, e30, e31, e32, e33, e34, e35, e36, e37, e38, e39, e40, e41, e42, e43, e44, e45, e46, e47, e48, e49, e50, e51, e52)	=STDEV.P(f2, f3, f4, f5, f6, f7, f8, f9, f10, f11, f12, f13, f14, f15, f16, f17, f18, f19, f20, f21, f22, f23, f24, f25, f26, f27, f28, f29, f30, f31, f32, f33, f34, f35, f36, f37, f38, f39, f40, f41, f42, f43, f44, f45, f46, f47, f48, f49, f50, f51, f52)	=STDEV.P(g2, g3, g4, g5, g6, g7, g8, g9, g10, g11, g12, g13, g14, g15, g16, g17, g18, g19, g20, g21, g22, g23, g24, g25, g26, g27, g28, g29, g30, g31, g32, g33, g34, g35, g36, g37, g38, g39, g40, g41, g42, g43, g44, g45, g46, g47, g48, g49, g50, g51, g52)	=STDEV.P(h2, h3, h4, h5, h6, h7, h8, h9, h10, h11, h12, h13, h14, h15, h16, h17, h18, h19, h20, h21, h22, h23, h24, h25, h26, h27, h28, h29, h30, h31, h32, h33, h34, h35, h36, h37, h38, h39, h40, h41, h42, h43, h44, h45, h46, h47, h48, h49, h50, h51, h52)	=STDEV.P(i2, i3, i4, i5, i6, i7, i8, i9, i10, i11, i12, i13, i14, i15, i16, i17, i18, i19, i20, i21, i22, i23, i24, i25, i26, i27, i28, i29, i30, i31, i32, i33, i34, i35, i36, i37, i38, i39, i40, i41, i42, i43, i44, i45, i46, i47, i48, i49, i50, i51, i52)	=STDEV.P(j2, j3, j4, j5, j6, j7, j8, j9, j10, j11, j12, j13, j14, j15, j16, j17, j18, j19, j20, j21, j22, j23, j24, j25, j26, j27, j28, j29, j30, j31, j32, j33, j34, j35, j36, j37, j38, j39, j40, j41, j42, j43, j44, j45, j46, j47, j48, j49, j50, j51, j52)	=STDEV.P(k2, k3, k4, k5, k6, k7, k8, k9, k10, k11, k12, k13, k14, k15, k16, k17, k18, k19, k20, k21, k22, k23, k24, k25, k26, k27, k28, k29, k30, k31, k32, k33, k34, k35, k36, k37, k38, k39, k40, k41, k42, k43, k44, k45, k46, k47, k48, k49, k50, k51, k52)	=STDEV.P(l2, l3, l4, l5, l6, l7, l8, l9, l10, l11, l12, l13, l14, l15, l16, l17, l18, l19, l20, l21, l22, l23, l24, l25, l26, l27, l28, l29, l30, l31, l32, l33, l34, l35, l36, l37, l38, l39, l40, l41, l42, l43, l44, l45, l46, l47, l48, l49, l50, l51, l52)	=STDEV.P(m2, m3, m4, m5, m6, m7, m8, m9, m10, m11, m12, m13, m14, m15, m16, m17, m18, m19, m20, m21, m22, m23, m24, m25, m26, m27, m28, m29, m30, m31, m32, m33, m34, m35, m36, m37, m38, m39, m40, m41, m42, m43, m44, m45, m46, m47, m48, m49, m50, m51, m52)	=STDEV.P(n2, n3, n4, n5, n6, n7, n8, n9, n10, n11, n12, n13, n14, n15, n16, n17, n18, n19, n20, n21, n22, n23, n24, n25, n26, n27, n28, n29, n30, n31, n32, n33, n34, n35, n36, n37, n38, n39, n40, n41, n42, n43, n44, n45, n46, n47, n48, n49, n50, n51, n52)	=STDEV.P(o2, o3, o4, o5, o6, o7, o8, o9, o10, o11, o12, o13, o14, o15, o16, o17, o18, o19, o20, o21, o22, o23, o24, o25, o26, o27, o28, o29, o30, o31, o32, o33, o34, o35, o36, o37, o38, o39, o40, o41, o42, o43, o44, o45, o46, o47, o48, o49, o50, o51, o52)	=STDEV.P(p2, p3, p4, p5, p6, p7, p8, p9, p10, p11, p12, p13, p14, p15, p16, p17, p18, p19, p20, p21, p22, p23, p24, p25, p26, p27, p28, p29, p30, p31, p32, p33, p34, p35, p36, p37, p38, p39, p40, p41, p42, p43, p44, p45, p46, p47, p48, p49, p50, p51, p52)	=STDEV.P(q2, q3, q4, q5, q6, q7, q8, q9, q10, q11, q12, q13, q14, q15, q16, q17, q18, q19, q20, q21, q22, q23, q24, q25, q26, q27, q28, q29, q30, q31, q32, q33, q34, q35, q36, q37, q38, q39, q40, q41, q42, q43, q44, q45, q46, q47, q48, q49, q50, q51, q52)	=STDEV.P(r2, r3, r4, r5, r6, r7, r8, r9, r10, r11, r12, r13, r14, r15, r16, r17, r18, r19, r20, r21, r22, r23, r24, r25, r26, r27, r28, r29, r30, r31, r32, r33, r34, r35, r36, r37, r38, r39, r40, r41, r42, r43, r44, r45, r46, r47, r48, r49, r50, r51, r52)	=STDEV.P(s2, s3, s4, s5, s6, s7, s8, s9, s10, s11, s12, s13, s14, s15, s16, s17, s18, s19, s20, s21, s22, s23, s24, s25, s26, s27, s28, s29, s30, s31, s32, s33, s34, s35, s36, s37, s38, s39, s40, s41, s42, s43, s44, s45, s46, s47, s48, s49, s50, s51, s52)	=STDEV.P(t2, t3, t4, t5, t6, t7, t8, t9, t10, t11, t12, t13, t14, t15, t16, t17, t18, t19, t20, t21, t22, t23, t24, t25, t26, t27, t28, t29, t30, t31, t32, t33, t34, t35, t36, t37, t38, t39, t40, t41, t42, t43, t44, t45, t46, t47, t48, t49, t50, t51, t52)
=AVERAGE(a64, a65, a66, a67, a68, a69, a70, a71, a72, a73)	=AVERAGE(b64, b65, b66, b67, b68, b69, b70, b71, b72, b73)	=AVERAGE(c64, c65, c66, c67, c68, c69, c70, c71, c72, c73)	=AVERAGE(d64, d65, d66, d67, d68, d69, d70, d71, d72, d73)	=AVERAGE(e64, e65, e66, e67, e68, e69, e70, e71, e72, e73)	=AVERAGE(f64, f65, f66, f67, f68, f69, f70, f71, f72, f73)	=AVERAGE(g64, g65, g66, g67, g68, g69, g70, g71, g72, g73)	=AVERAGE(h64, h65, h66, h67, h68, h69, h70, h71, h72, h73)	=AVERAGE(i64, i65, i66, i67, i68, i69, i70, i71, i72, i73)	=AVERAGE(j64, j65, j66, j67, j68, j69, j70, j71, j72, j73)	=AVERAGE(k64, k65, k66, k67, k68, k69, k70, k71, k72, k73)	=AVERAGE(l64, l65, l66, l67, l68, l69, l70, l71, l72, l73)	=AVERAGE(m64, m65, m66, m67, m68, m69, m70, m71, m72, m73)	=AVERAGE(n64, n65, n66, n67, n68, n69, n70, n71, n72, n73)	=AVERAGE(o64, o65, o66, o67, o68, o69, o70, o71, o72, o73)	=AVERAGE(p64, p65, p66, p67, p68, p69, p70, p71, p72, p73)	=AVERAGE(q64, q65, q66, q67, q68, q69, q70, q71, q72, q73)	=AVERAGE(r64, r65, r66, r67, r68, r69, r70, r71, r72, r73)	=AVERAGE(s64, s65, s66, s67, s68, s69, s70, s71, s72, s73)	=AVERAGE(t64, t65, t66, t67, t68, t69, t70, t71, t72, t73)		=STDEV.P(a64, a65, a66, a67, a68, a69, a70, a71, a72, a73)	=STDEV.P(b64, b65, b66, b67, b68, b69, b70, b71, b72, b73)	=STDEV.P(c64, c65, c66, c67, c68, c69, c70, c71, c72, c73)	=STDEV.P(d64, d65, d66, d67, d68, d69, d70, d71, d72, d73)	=STDEV.P(e64, e65, e66, e67, e68, e69, e70, e71, e72, e73)	=STDEV.P(f64, f65, f66, f67, f68, f69, f70, f71, f72, f73)	=STDEV.P(g64, g65, g66, g67, g68, g69, g70, g71, g72, g73)	=STDEV.P(h64, h65, h66, h67, h68, h69, h70, h71, h72, h73)	=STDEV.P(i64, i65, i66, i67, i68, i69, i70, i71, i72, i73)	=STDEV.P(j64, j65, j66, j67, j68, j69, j70, j71, j72, j73)	=STDEV.P(k64, k65, k66, k67, k68, k69, k70, k71, k72, k73)	=STDEV.P(l64, l65, l66, l67, l68, l69, l70, l71, l72, l73)	=STDEV.P(m64, m65, m66, m67, m68, m69, m70, m71, m72, m73)	=STDEV.P(n64, n65, n66, n67, n68, n69, n70, n71, n72, n73)	=STDEV.P(o64, o65, o66, o67, o68, o69, o70, o71, o72, o73)	=STDEV.P(p64, p65, p66, p67, p68, p69, p70, p71, p72, p73)	=STDEV.P(q64, q65, q66, q67, q68, q69, q70, q71, q72, q73)	=STDEV.P(r64, r65, r66, r67, r68, r69, r70, r71, r72, r73)	=STDEV.P(s64, s65, s66, s67, s68, s69, s70, s71, s72, s73)	=STDEV.P(t64, t65, t66, t67, t68, t69, t70, t71, t72, t73)
=AVERAGE(a74, a75, a76, a77, a78, a79, a80, a81, a82, a83)	=AVERAGE(b74, b75, b76, b77, b78, b79, b80, b81, b82, b83)	=AVERAGE(c74, c75, c76, c77, c78, c79, c80, c81, c82, c83)	=AVERAGE(d74, d75, d76, d77, d78, d79, d80, d81, d82, d83)	=AVERAGE(e74, e75, e76, e77, e78, e79, e80, e81, e82, e83)	=AVERAGE(f74, f75, f76, f77, f78, f79, f80, f81, f82, f83)	=AVERAGE(g74, g75, g76, g77, g78, g79, g80, g81, g82, g83)	=AVERAGE(h74, h75, h76, h77, h78, h79, h80, h81, h82, h83)	=AVERAGE(i74, i75, i76, i77, i78, i79, i80, i81, i82, i83)	=AVERAGE(j74, j75, j76, j77, j78, j79, j80, j81, j82, j83)	=AVERAGE(k74, k75, k76, k77, k78, k79, k80, k81, k82, k83)	=AVERAGE(l74, l75, l76, l77, l78, l79, l80, l81, l82, l83)	=AVERAGE(m74, m75, m76, m77, m78, m79, m80, m81, m82, m83)	=AVERAGE(n74, n75, n76, n77, n78, n79, n80, n81, n82, n83)	=AVERAGE(o74, o75, o76, o77, o78, o79, o80, o81, o82, o83)	=AVERAGE(p74, p75, p76, p77, p78, p79, p80, p81, p82, p83)	=AVERAGE(q74, q75, q76, q77, q78, q79, q80, q81, q82, q83)	=AVERAGE(r74, r75, r76, r77, r78, r79, r80, r81, r82, r83)	=AVERAGE(s74, s75, s76, s77, s78, s79, s80, s81, s82, s83)	=AVERAGE(t74, t75, t76, t77, t78, t79, t80, t81, t82, t83)		=STDEV.P(a74, a75, a76, a77, a78, a79, a80, a81, a82, a83)	=STDEV.P(b74, b75, b76, b77, b78, b79, b80, b81, b82, b83)	=STDEV.P(c74, c75, c76, c77, c78, c79, c80, c81, c82, c83)	=STDEV.P(d74, d75, d76, d77, d78, d79, d80, d81, d82, d83)	=STDEV.P(e74, e75, e76, e77, e78, e79, e80, e81, e82, e83)	=STDEV.P(f74, f75, f76, f77, f78, f79, f80, f81, f82, f83)	=STDEV.P(g74, g75, g76, g77, g78, g79, g80, g81, g82, g83)	=STDEV.P(h74, h75, h76, h77, h78, h79, h80, h81, h82, h83)	=STDEV.P(i74, i75, i76, i77, i78, i79, i80, i81, i82, i83)	=STDEV.P(j74, j75, j76, j77, j78, j79, j80, j81, j82, j83)	=STDEV.P(k74, k75, k76, k77, k78, k79, k80, k81, k82, k83)	=STDEV.P(l74, l75, l76, l77, l78, l79, l80, l81, l82, l83)	=STDEV.P(m74, m75, m76, m77, m78, m79, m80, m81, m82, m83)	=STDEV.P(n74, n75, n76, n77, n78, n79, n80, n81, n82, n83)	=STDEV.P(o74, o75, o76, o77, o78, o79, o80, o81, o82, o83)	=STDEV.P(p74, p75, p76, p77, p78, p79, p80, p81, p82, p83)	=STDEV.P(q74, q75, q76, q77, q78, q79, q80, q81, q82, q83)	=STDEV.P(r74, r75, r76, r77, r78, r79, r80, r81, r82, r83)	=STDEV.P(s74, s75, s76, s77, s78, s79, s80, s81, s82, s83)	=STDEV.P(t74, t75, t76, t77, t78, t79, t80, t81, t82, t83)
=AVERAGE(a84, a85, a86, a87, a88, a89, a90, a91, a92, a93)	=AVERAGE(b84, b85, b86, b87, b88, b89, b90, b91, b92, b93)	=AVERAGE(c84, c85, c86, c87, c88, c89, c90, c91, c92, c93)	=AVERAGE(d84, d85, d86, d87, d88, d89, d90, d91, d92, d93)	=AVERAGE(e84, e85, e86, e87, e88, e89, e90, e91, e92, e93)	=AVERAGE(f84, f85, f86, f87, f88, f89, f90, f91, f92, f93)	=AVERAGE(g84, g85, g86, g87, g88, g89, g90, g91, g92, g93)	=AVERAGE(h84, h85, h86, h87, h88, h89, h90, h91, h92, h93)	=AVERAGE(i84, i85, i86, i87, i88, i89, i90, i91, i92, i93)	=AVERAGE(j84, j85, j86, j87, j88, j89, j90, j91, j92, j93)	=AVERAGE(k84, k85, k86, k87, k88, k89, k90, k91, k92, k93)	=AVERAGE(l84, l85, l86, l87, l88, l89, l90, l91, l92, l93)	=AVERAGE(m84, m85, m86, m87, m88, m89, m90, m91, m92, m93)	=AVERAGE(n84, n85, n86, n87, n88, n89, n90, n91, n92, n93)	=AVERAGE(o84, o85, o86, o87, o88, o89, o90, o91, o92, o93)	=AVERAGE(p84, p85, p86, p87, p88, p89, p90, p91, p92, p93)	=AVERAGE(q84, q85, q86, q87, q88, q89, q90, q91, q92, q93)	=AVERAGE(r84, r85, r86, r87, r88, r89, r90, r91, r92, r93)	=AVERAGE(s84, s85, s86, s87, s88, s89, s90, s91, s92, s93)	=AVERAGE(t84, t85, t86, t87, t88, t89, t90, t91, t92, t93)		=STDEV.P(a84, a85, a86, a87, a88, a89, a90, a91, a92, a93)	=STDEV.P(b84, b85, b86, b87, b88, b89, b90, b91, b92, b93)	=STDEV.P(c84, c85, c86, c87, c88, c89, c90, c91, c92, c93)	=STDEV.P(d84, d85, d86, d87, d88, d89, d90, d91, d92, d93)	=STDEV.P(e84, e85, e86, e87, e88, e89, e90, e91, e92, e93)	=STDEV.P(f84, f85, f86, f87, f88, f89, f90, f91, f92, f93)	=STDEV.P(g84, g85, g86, g87, g88, g89, g90, g91, g92, g93)	=STDEV.P(h84, h85, h86, h87, h88, h89, h90, h91, h92, h93)	=STDEV.P(i84, i85, i86, i87, i88, i89, i90, i91, i92, i93)	=STDEV.P(j84, j85, j86, j87, j88, j89, j90, j91, j92, j93)	=STDEV.P(k84, k85, k86, k87, k88, k89, k90, k91, k92, k93)	=STDEV.P(l84, l85, l86, l87, l88, l89, l90, l91, l92, l93)	=STDEV.P(m84, m85, m86, m87, m88, m89, m90, m91, m92, m93)	=STDEV.P(n84, n85, n86, n87, n88, n89, n90, n91, n92, n93)	=STDEV.P(o84, o85, o86, o87, o88, o89, o90, o91, o92, o93)	=STDEV.P(p84, p85, p86, p87, p88, p89, p90, p91, p92, p93)	=STDEV.P(q84, q85, q86, q87, q88, q89, q90, q91, q92, q93)	=STDEV.P(r84, r85, r86, r87, r88, r89, r90, r91, r92, r93)	=STDEV.P(s84, s85, s86, s87, s88, s89, s90, s91, s92, s93)	=STDEV.P(t84, t85, t86, t87, t88, t89, t90, t91, t92, t93)
=AVERAGE(a94, a95, a96, a97, a98, a99, a100, a101, a102, a103)	=AVERAGE(b94, b95, b96, b97, b98, b99, b100, b101, b102, b103)	=AVERAGE(c94, c95, c96, c97, c98, c99, c100, c101, c102, c103)	=AVERAGE(d94, d95, d96, d97, d98, d99, d100, d101, d102, d103)	=AVERAGE(e94, e95, e96, e97, e98, e99, e100, e101, e102, e103)	=AVERAGE(f94, f95, f96, f97, f98, f99, f100, f101, f102, f103)	=AVERAGE(g94, g95, g96, g97, g98, g99, g100, g101, g102, g103)	=AVERAGE(h94, h95, h96, h97, h98, h99, h100, h101, h102, h103)	=AVERAGE(i94, i95, i96, i97, i98, i99, i100, i101, i102, i103)	=AVERAGE(j94, j95, j96, j97, j98, j99, j100, j101, j102, j103)	=AVERAGE(k94, k95, k96, k97, k98, k99, k100, k101, k102, k103)	=AVERAGE(l94, l95, l96, l97, l98, l99, l100, l101, l102, l103)	=AVERAGE(m94, m95, m96, m97, m98, m99, m100, m101, m102, m103)	=AVERAGE(n94, n95, n96, n97, n98, n99, n100, n101, n102, n103)	=AVERAGE(o94, o95, o96, o97, o98, o99, o100, o101, o102, o103)	=AVERAGE(p94, p95, p96, p97, p98, p99, p100, p101, p102, p103)	=AVERAGE(q94, q95, q96, q97, q98, q99, q100, q101, q102, q103)	=AVERAGE(r94, r95, r96, r97, r98, r99, r100, r101, r102, r103)	=AVERAGE(s94, s95, s96, s97, s98, s99, s100, s101, s102, s103)	=AVERAGE(t94, t95, t96, t97, t98, t99, t100, t101, t102, t103)		=STDEV.P(a94, a95, a96, a97, a98, a99, a100, a101, a102, a103)	=STDEV.P(b94, b95, b96, b97, b98, b99, b100, b101, b102, b103)	=STDEV.P(c94, c95, c96, c97, c98, c99, c100, c101, c102, c103)	=STDEV.P(d94, d95, d96, d97, d98, d99, d100, d101, d102, d103)	=STDEV.P(e94, e95, e96, e97, e98, e99, e100, e101, e102, e103)	=STDEV.P(f94, f95, f96, f97, f98, f99, f100, f101, f102, f103)	=STDEV.P(g94, g95, g96, g97, g98, g99, g100, g101, g102, g103)	=STDEV.P(h94, h95, h96, h97, h98, h99, h100, h101, h102, h103)	=STDEV.P(i94, i95, i96, i97, i98, i99, i100, i101, i102, i103)	=STDEV.P(j94, j95, j96, j97, j98, j99, j100, j101, j102, j103)	=STDEV.P(k94, k95, k96, k97, k98, k99, k100, k101, k102, k103)	=STDEV.P(l94, l95, l96, l97, l98, l99, l100, l101, l102, l103)	=STDEV.P(m94, m95, m96, m97, m98, m99, m100, m101, m102, m103)	=STDEV.P(n94, n95, n96, n97, n98, n99, n100, n101, n102, n103)	=STDEV.P(o94, o95, o96, o97, o98, o99, o100, o101, o102, o103)	=STDEV.P(p94, p95, p96, p97, p98, p99, p100, p101, p102, p103)	=STDEV.P(q94, q95, q96, q97, q98, q99, q100, q101, q102, q103)	=STDEV.P(r94, r95, r96, r97, r98, r99, r100, r101, r102, r103)	=STDEV.P(s94, s95, s96, s97, s98, s99, s100, s101, s102, s103)	=STDEV.P(t94, t95, t96, t97, t98, t99, t100, t101, t102, t103)
=AVERAGE(a104, a105, a106, a107, a108, a109, a110)	=AVERAGE(b104, b105, b106, b107, b108, b109, b110)	=AVERAGE(c104, c105, c106, c107, c108, c109, c110)	=AVERAGE(d104, d105, d106, d107, d108, d109, d110)	=AVERAGE(e104, e105, e106, e107, e108, e109, e110)	=AVERAGE(f104, f105, f106, f107, f108, f109, f110)	=AVERAGE(g104, g105, g106, g107, g108, g109, g110)	=AVERAGE(h104, h105, h106, h107, h108, h109, h110)	=AVERAGE(i104, i105, i106, i107, i108, i109, i110)	=AVERAGE(j104, j105, j106, j107, j108, j109, j110)	=AVERAGE(k104, k105, k106, k107, k108, k109, k110)	=AVERAGE(l104, l105, l106, l107, l108, l109, l110)	=AVERAGE(m104, m105, m106, m107, m108, m109, m110)	=AVERAGE(n104, n105, n106, n107, n108, n109, n110)	=AVERAGE(o104, o105, o106, o107, o108, o109, o110)	=AVERAGE(p104, p105, p106, p107, p108, p109, p110)	=AVERAGE(q104, q105, q106, q107, q108, q109, q110)	=AVERAGE(r104, r105, r106, r107, r108, r109, r110)	=AVERAGE(s104, s105, s106, s107, s108, s109, s110)	=AVERAGE(t104, t105, t106, t107, t108, t109, t110)		=STDEV.P(a104, a105, a106, a107, a108, a109, a110)	=STDEV.P(b104, b105, b106, b107, b108, b109, b110)	=STDEV.P(c104, c105, c106, c107, c108, c109, c110)	=STDEV.P(d104, d105, d106, d107, d108, d109, d110)	=STDEV.P(e104, e105, e106, e107, e108, e109, e110)	=STDEV.P(f104, f105, f106, f107, f108, f109, f110)	=STDEV.P(g104, g105, g106, g107, g108, g109, g110)	=STDEV.P(h104, h105, h106, h107, h108, h109, h110)	=STDEV.P(i104, i105, i106, i107, i108, i109, i110)	=STDEV.P(j104, j105, j106, j107, j108, j109, j110)	=STDEV.P(k104, k105, k106, k107, k108, k109, k110)	=STDEV.P(l104, l105, l106, l107, l108, l109, l110)	=STDEV.P(m104, m105, m106, m107, m108, m109, m110)	=STDEV.P(n104, n105, n106, n107, n108, n109, n110)	=STDEV.P(o104, o105, o106, o107, o108, o109, o110)	=STDEV.P(p104, p105, p106, p107, p108, p109, p110)	=STDEV.P(q104, q105, q106, q107, q108, q109, q110)	=STDEV.P(r104, r105, r106, r107, r108, r109, r110)	=STDEV.P(s104, s105, s106, s107, s108, s109, s110)	=STDEV.P(t104, t105, t106, t107, t108, t109, t110)
=AVERAGE(a111, a112, a113, a114, a115, a116, a117)	=AVERAGE(b111, b112, b113, b114, b115, b116, b117)	=AVERAGE(c111, c112, c113, c114, c115, c116, c117)	=AVERAGE(d111, d112, d113, d114, d115, d116, d117)	=AVERAGE(e111, e112, e113, e114, e115, e116, e117)	=AVERAGE(f111, f112, f113, f114, f115, f116, f117)	=AVERAGE(g111, g112, g113, g114, g115, g116, g117)	=AVERAGE(h111, h112, h113, h114, h115, h116, h117)	=AVERAGE(i111, i112, i113, i114, i115, i116, i117)	=AVERAGE(j111, j112, j113, j114, j115, j116, j117)	=AVERAGE(k111, k112, k113, k114, k115, k116, k117)	=AVERAGE(l111, l112, l113, l114, l115, l116, l117)	=AVERAGE(m111, m112, m113, m114, m115, m116, m117)	=AVERAGE(n111, n112, n113, n114, n115, n116, n117)	=AVERAGE(o111, o112, o113, o114, o115, o116, o117)	=AVERAGE(p111, p112, p113, p114, p115, p116, p117)	=AVERAGE(q111, q112, q113, q114, q115, q116, q117)	=AVERAGE(r111, r112, r113, r114, r115, r116, r117)	=AVERAGE(s111, s112, s113, s114, s115, s116, s117)	=AVERAGE(t111, t112, t113, t114, t115, t116, t117)		=STDEV.P(a111, a112, a113, a114, a115, a116, a117)	=STDEV.P(b111, b112, b113, b114, b115, b116, b117)	=STDEV.P(c111, c112, c113, c114, c115, c116, c117)	=STDEV.P(d111, d112, d113, d114, d115, d116, d117)	=STDEV.P(e111, e112, e113, e114, e115, e116, e117)	=STDEV.P(f111, f112, f113, f114, f115, f116, f117)	=STDEV.P(g111, g112, g113, g114, g115, g116, g117)	=STDEV.P(h111, h112, h113, h114, h115, h116, h117)	=STDEV.P(i111, i112, i113, i114, i115, i116, i117)	=STDEV.P(j111, j112, j113, j114, j115, j116, j117)	=STDEV.P(k111, k112, k113, k114, k115, k116, k117)	=STDEV.P(l111, l112, l113, l114, l115, l116, l117)	=STDEV.P(m111, m112, m113, m114, m115, m116, m117)	=STDEV.P(n111, n112, n113, n114, n115, n116, n117)	=STDEV.P(o111, o112, o113, o114, o115, o116, o117)	=STDEV.P(p111, p112, p113, p114, p115, p116, p117)	=STDEV.P(q111, q112, q113, q114, q115, q116, q117)	=STDEV.P(r111, r112, r113, r114, r115, r116, r117)	=STDEV.P(s111, s112, s113, s114, s115, s116, s117)	=STDEV.P(t111, t112, t113, t114, t115, t116, t117)
=AVERAGE(a118, a119, a120, a121, a122, a123, a124)	=AVERAGE(b118, b119, b120, b121, b122, b123, b124)	=AVERAGE(c118, c119, c120, c121, c122, c123, c124)	=AVERAGE(d118, d119, d120, d121, d122, d123, d124)	=AVERAGE(e118, e119, e120, e121, e122, e123, e124)	=AVERAGE(f118, f119, f120, f121, f122, f123, f124)	=AVERAGE(g118, g119, g120, g121, g122, g123, g124)	=AVERAGE(h118, h119, h120, h121, h122, h123, h124)	=AVERAGE(i118, i119, i120, i121, i122, i123, i124)	=AVERAGE(j118, j119, j120, j121, j122, j123, j124)	=AVERAGE(k118, k119, k120, k121, k122, k123, k124)	=AVERAGE(l118, l119, l120, l121, l122, l123, l124)	=AVERAGE(m118, m119, m120, m121, m122, m123, m124)	=AVERAGE(n118, n119, n120, n121, n122, n123, n124)	=AVERAGE(o118, o119, o120, o121, o122, o123, o124)	=AVERAGE(p118, p119, p120, p121, p122, p123, p124)	=AVERAGE(q118, q119, q120, q121, q122, q123, q124)	=AVERAGE(r118, r119, r120, r121, r122, r123, r124)	=AVERAGE(s118, s119, s120, s121, s122, s123, s124)	=AVERAGE(t118, t119, t120, t121, t122, t123, t124)		=STDEV.P(a118, a119, a120, a121, a122, a123, a124)	=STDEV.P(b118, b119, b120, b121, b122, b123, b124)	=STDEV.P(c118, c119, c120, c121, c122, c123, c124)	=STDEV.P(d118, d119, d120, d121, d122, d123, d124)	=STDEV.P(e118, e119, e120, e121, e122, e123, e124)	=STDEV.P(f118, f119, f120, f121, f122, f123, f124)	=STDEV.P(g118, g119, g120, g121, g122, g123, g124)	=STDEV.P(h118, h119, h120, h121, h122, h123, h124)	=STDEV.P(i118, i119, i120, i121, i122, i123, i124)	=STDEV.P(j118, j119, j120, j121, j122, j123, j124)	=STDEV.P(k118, k119, k120, k121, k122, k123, k124)	=STDEV.P(l118, l119, l120, l121, l122, l123, l124)	=STDEV.P(m118, m119, m120, m121, m122, m123, m124)	=STDEV.P(n118, n119, n120, n121, n122, n123, n124)	=STDEV.P(o118, o119, o120, o121, o122, o123, o124)	=STDEV.P(p118, p119, p120, p121, p122, p123, p124)	=STDEV.P(q118, q119, q120, q121, q122, q123, q124)	=STDEV.P(r118, r119, r120, r121, r122, r123, r124)	=STDEV.P(s118, s119, s120, s121, s122, s123, s124)	=STDEV.P(t118, t119, t120, t121, t122, t123, t124)
=AVERAGE(a125, a126, a127, a128, a129, a130, a131)	=AVERAGE(b125, b126, b127, b128, b129, b130, b131)	=AVERAGE(c125, c126, c127, c128, c129, c130, c131)	=AVERAGE(d125, d126, d127, d128, d129, d130, d131)	=AVERAGE(e125, e126, e127, e128, e129, e130, e131)	=AVERAGE(f125, f126, f127, f128, f129, f130, f131)	=AVERAGE(g125, g126, g127, g128, g129, g130, g131)	=AVERAGE(h125, h126, h127, h128, h129, h130, h131)	=AVERAGE(i125, i126, i127, i128, i129, i130, i131)	=AVERAGE(j125, j126, j127, j128, j129, j130, j131)	=AVERAGE(k125, k126, k127, k128, k129, k130, k131)	=AVERAGE(l125, l126, l127, l128, l129, l130, l131)	=AVERAGE(m125, m126, m127, m128, m129, m130, m131)	=AVERAGE(n125, n126, n127, n128, n129, n130, n131)	=AVERAGE(o125, o126, o127, o128, o129, o130, o131)	=AVERAGE(p125, p126, p127, p128, p129, p130, p131)	=AVERAGE(q125, q126, q127, q128, q129, q130, q131)	=AVERAGE(r125, r126, r127, r128, r129, r130, r131)	=AVERAGE(s125, s126, s127, s128, s129, s130, s131)	=AVERAGE(t125, t126, t127, t128, t129, t130, t131)		=STDEV.P(a125, a126, a127, a128, a129, a130, a131)	=STDEV.P(b125, b126, b127, b128, b129, b130, b131)	=STDEV.P(c125, c126, c127, c128, c129, c130, c131)	=STDEV.P(d125, d126, d127, d128, d129, d130, d131)	=STDEV.P(e125, e126, e127, e128, e129, e130, e131)	=STDEV.P(f125, f126, f127, f128, f129, f130, f131)	=STDEV.P(g125, g126, g127, g128, g129, g130, g131)	=STDEV.P(h125, h126, h127, h128, h129, h130, h131)	=STDEV.P(i125, i126, i127, i128, i129, i130, i131)	=STDEV.P(j125, j126, j127, j128, j129, j130, j131)	=STDEV.P(k125, k126, k127, k128, k129, k130, k131)	=STDEV.P(l125, l126, l127, l128, l129, l130, l131)	=STDEV.P(m125, m126, m127, m128, m129, m130, m131)	=STDEV.P(n125, n126, n127, n128, n129, n130, n131)	=STDEV.P(o125, o126, o127, o128, o129, o130, o131)	=STDEV.P(p125, p126, p127, p128, p129, p130, p131)	=STDEV.P(q125, q126, q127, q128, q129, q130, q131)	=STDEV.P(r125, r126, r127, r128, r129, r130, r131)	=STDEV.P(s125, s126, s127, s128, s129, s130, s131)	=STDEV.P(t125, t126, t127, t128, t129, t130, t131)
=AVERAGE(a132, a133, a134, a135, a136, a137, a138)	=AVERAGE(b132, b133, b134, b135, b136, b137, b138)	=AVERAGE(c132, c133, c134, c135, c136, c137, c138)	=AVERAGE(d132, d133, d134, d135, d136, d137, d138)	=AVERAGE(e132, e133, e134, e135, e136, e137, e138)	=AVERAGE(f132, f133, f134, f135, f136, f137, f138)	=AVERAGE(g132, g133, g134, g135, g136, g137, g138)	=AVERAGE(h132, h133, h134, h135, h136, h137, h138)	=AVERAGE(i132, i133, i134, i135, i136, i137, i138)	=AVERAGE(j132, j133, j134, j135, j136, j137, j138)	=AVERAGE(k132, k133, k134, k135, k136, k137, k138)	=AVERAGE(l132, l133, l134, l135, l136, l137, l138)	=AVERAGE(m132, m133, m134, m135, m136, m137, m138)	=AVERAGE(n132, n133, n134, n135, n136, n137, n138)	=AVERAGE(o132, o133, o134, o135, o136, o137, o138)	=AVERAGE(p132, p133, p134, p135, p136, p137, p138)	=AVERAGE(q132, q133, q134, q135, q136, q137, q138)	=AVERAGE(r132, r133, r134, r135, r136, r137, r138)	=AVERAGE(s132, s133, s134, s135, s136, s137, s138)	=AVERAGE(t132, t133, t134, t135, t136, t137, t138)		=STDEV.P(a132, a133, a134, a135, a136, a137, a138)	=STDEV.P(b132, b133, b134, b135, b136, b137, b138)	=STDEV.P(c132, c133, c134, c135, c136, c137, c138)	=STDEV.P(d132, d133, d134, d135, d136, d137, d138)	=STDEV.P(e132, e133, e134, e135, e136, e137, e138)	=STDEV.P(f132, f133, f134, f135, f136, f137, f138)	=STDEV.P(g132, g133, g134, g135, g136, g137, g138)	=STDEV.P(h132, h133, h134, h135, h136, h137, h138)	=STDEV.P(i132, i133, i134, i135, i136, i137, i138)	=STDEV.P(j132, j133, j134, j135, j136, j137, j138)	=STDEV.P(k132, k133, k134, k135, k136, k137, k138)	=STDEV.P(l132, l133, l134, l135, l136, l137, l138)	=STDEV.P(m132, m133, m134, m135, m136, m137, m138)	=STDEV.P(n132, n133, n134, n135, n136, n137, n138)	=STDEV.P(o132, o133, o134, o135, o136, o137, o138)	=STDEV.P(p132, p133, p134, p135, p136, p137, p138)	=STDEV.P(q132, q133, q134, q135, q136, q137, q138)	=STDEV.P(r132, r133, r134, r135, r136, r137, r138)	=STDEV.P(s132, s133, s134, s135, s136, s137, s138)	=STDEV.P(t132, t133, t134, t135, t136, t137, t138)
=AVERAGE(a139, a140, a141, a142, a143)	=AVERAGE(b139, b140, b141, b142, b143)	=AVERAGE(c139, c140, c141, c142, c143)	=AVERAGE(d139, d140, d141, d142, d143)	=AVERAGE(e139, e140, e141, e142, e143)	=AVERAGE(f139, f140, f141, f142, f143)	=AVERAGE(g139, g140, g141, g142, g143)	=AVERAGE(h139, h140, h141, h142, h143)	=AVERAGE(i139, i140, i141, i142, i143)	=AVERAGE(j139, j140, j141, j142, j143)	=AVERAGE(k139, k140, k141, k142, k143)	=AVERAGE(l139, l140, l141, l142, l143)	=AVERAGE(m139, m140, m141, m142, m143)	=AVERAGE(n139, n140, n141, n142, n143)	=AVERAGE(o139, o140, o141, o142, o143)	=AVERAGE(p139, p140, p141, p142, p143)	=AVERAGE(q139, q140, q141, q142, q143)	=AVERAGE(r139, r140, r141, r142, r143)	=AVERAGE(s139, s140, s141, s142, s143)	=AVERAGE(t139, t140, t141, t142, t143)		=STDEV.P(a139, a140, a141, a142, a143)	=STDEV.P(b139, b140, b141, b142, b143)	=STDEV.P(c139, c140, c141, c142, c143)	=STDEV.P(d139, d140, d141, d142, d143)	=STDEV.P(e139, e140, e141, e142, e143)	=STDEV.P(f139, f140, f141, f142, f143)	=STDEV.P(g139, g140, g141, g142, g143)	=STDEV.P(h139, h140, h141, h142, h143)	=STDEV.P(i139, i140, i141, i142, i143)	=STDEV.P(j139, j140, j141, j142, j143)	=STDEV.P(k139, k140, k141, k142, k143)	=STDEV.P(l139, l140, l141, l142, l143)	=STDEV.P(m139, m140, m141, m142, m143)	=STDEV.P(n139, n140, n141, n142, n143)	=STDEV.P(o139, o140, o141, o142, o143)	=STDEV.P(p139, p140, p141, p142, p143)	=STDEV.P(q139, q140, q141, q142, q143)	=STDEV.P(r139, r140, r141, r142, r143)	=STDEV.P(s139, s140, s141, s142, s143)	=STDEV.P(t139, t140, t141, t142, t143)
=AVERAGE(a144, a145, a146, a147, a148)	=AVERAGE(b144, b145, b146, b147, b148)	=AVERAGE(c144, c145, c146, c147, c148)	=AVERAGE(d144, d145, d146, d147, d148)	=AVERAGE(e144, e145, e146, e147, e148)	=AVERAGE(f144, f145, f146, f147, f148)	=AVERAGE(g144, g145, g146, g147, g148)	=AVERAGE(h144, h145, h146, h147, h148)	=AVERAGE(i144, i145, i146, i147, i148)	=AVERAGE(j144, j145, j146, j147, j148)	=AVERAGE(k144, k145, k146, k147, k148)	=AVERAGE(l144, l145, l146, l147, l148)	=AVERAGE(m144, m145, m146, m147, m148)	=AVERAGE(n144, n145, n146, n147, n148)	=AVERAGE(o144, o145, o146, o147, o148)	=AVERAGE(p144, p145, p146, p147, p148)	=AVERAGE(q144, q145, q146, q147, q148)	=AVERAGE(r144, r145, r146, r147, r148)	=AVERAGE(s144, s145, s146, s147, s148)	=AVERAGE(t144, t145, t146, t147, t148)		=STDEV.P(a144, a145, a146, a147, a148)	=STDEV.P(b144, b145, b146, b147, b148)	=STDEV.P(c144, c145, c146, c147, c148)	=STDEV.P(d144, d145, d146, d147, d148)	=STDEV.P(e144, e145, e146, e147, e148)	=STDEV.P(f144, f145, f146, f147, f148)	=STDEV.P(g144, g145, g146, g147, g148)	=STDEV.P(h144, h145, h146, h147, h148)	=STDEV.P(i144, i145, i146, i147, i148)	=STDEV.P(j144, j145, j146, j147, j148)	=STDEV.P(k144, k145, k146, k147, k148)	=STDEV.P(l144, l145, l146, l147, l148)	=STDEV.P(m144, m145, m146, m147, m148)	=STDEV.P(n144, n145, n146, n147, n148)	=STDEV.P(o144, o145, o146, o147, o148)	=STDEV.P(p144, p145, p146, p147, p148)	=STDEV.P(q144, q145, q146, q147, q148)	=STDEV.P(r144, r145, r146, r147, r148)	=STDEV.P(s144, s145, s146, s147, s148)	=STDEV.P(t144, t145, t146, t147, t148)
=AVERAGE(a149, a150, a151, a152, a153)	=AVERAGE(b149, b150, b151, b152, b153)	=AVERAGE(c149, c150, c151, c152, c153)	=AVERAGE(d149, d150, d151, d152, d153)	=AVERAGE(e149, e150, e151, e152, e153)	=AVERAGE(f149, f150, f151, f152, f153)	=AVERAGE(g149, g150, g151, g152, g153)	=AVERAGE(h149, h150, h151, h152, h153)	=AVERAGE(i149, i150, i151, i152, i153)	=AVERAGE(j149, j150, j151, j152, j153)	=AVERAGE(k149, k150, k151, k152, k153)	=AVERAGE(l149, l150, l151, l152, l153)	=AVERAGE(m149, m150, m151, m152, m153)	=AVERAGE(n149, n150, n151, n152, n153)	=AVERAGE(o149, o150, o151, o152, o153)	=AVERAGE(p149, p150, p151, p152, p153)	=AVERAGE(q149, q150, q151, q152, q153)	=AVERAGE(r149, r150, r151, r152, r153)	=AVERAGE(s149, s150, s151, s152, s153)	=AVERAGE(t149, t150, t151, t152, t153)		=STDEV.P(a149, a150, a151, a152, a153)	=STDEV.P(b149, b150, b151, b152, b153)	=STDEV.P(c149, c150, c151, c152, c153)	=STDEV.P(d149, d150, d151, d152, d153)	=STDEV.P(e149, e150, e151, e152, e153)	=STDEV.P(f149, f150, f151, f152, f153)	=STDEV.P(g149, g150, g151, g152, g153)	=STDEV.P(h149, h150, h151, h152, h153)	=STDEV.P(i149, i150, i151, i152, i153)	=STDEV.P(j149, j150, j151, j152, j153)	=STDEV.P(k149, k150, k151, k152, k153)	=STDEV.P(l149, l150, l151, l152, l153)	=STDEV.P(m149, m150, m151, m152, m153)	=STDEV.P(n149, n150, n151, n152, n153)	=STDEV.P(o149, o150, o151, o152, o153)	=STDEV.P(p149, p150, p151, p152, p153)	=STDEV.P(q149, q150, q151, q152, q153)	=STDEV.P(r149, r150, r151, r152, r153)	=STDEV.P(s149, s150, s151, s152, s153)	=STDEV.P(t149, t150, t151, t152, t153)
=AVERAGE(a154, a155, a156, a157, a158)	=AVERAGE(b154, b155, b156, b157, b158)	=AVERAGE(c154, c155, c156, c157, c158)	=AVERAGE(d154, d155, d156, d157, d158)	=AVERAGE(e154, e155, e156, e157, e158)	=AVERAGE(f154, f155, f156, f157, f158)	=AVERAGE(g154, g155, g156, g157, g158)	=AVERAGE(h154, h155, h156, h157, h158)	=AVERAGE(i154, i155, i156, i157, i158)	=AVERAGE(j154, j155, j156, j157, j158)	=AVERAGE(k154, k155, k156, k157, k158)	=AVERAGE(l154, l155, l156, l157, l158)	=AVERAGE(m154, m155, m156, m157, m158)	=AVERAGE(n154, n155, n156, n157, n158)	=AVERAGE(o154, o155, o156, o157, o158)	=AVERAGE(p154, p155, p156, p157, p158)	=AVERAGE(q154, q155, q156, q157, q158)	=AVERAGE(r154, r155, r156, r157, r158)	=AVERAGE(s154, s155, s156, s157, s158)	=AVERAGE(t154, t155, t156, t157, t158)		=STDEV.P(a154, a155, a156, a157, a158)	=STDEV.P(b154, b155, b156, b157, b158)	=STDEV.P(c154, c155, c156, c157, c158)	=STDEV.P(d154, d155, d156, d157, d158)	=STDEV.P(e154, e155, e156, e157, e158)	=STDEV.P(f154, f155, f156, f157, f158)	=STDEV.P(g154, g155, g156, g157, g158)	=STDEV.P(h154, h155, h156, h157, h158)	=STDEV.P(i154, i155, i156, i157, i158)	=STDEV.P(j154, j155, j156, j157, j158)	=STDEV.P(k154, k155, k156, k157, k158)	=STDEV.P(l154, l155, l156, l157, l158)	=STDEV.P(m154, m155, m156, m157, m158)	=STDEV.P(n154, n155, n156, n157, n158)	=STDEV.P(o154, o155, o156, o157, o158)	=STDEV.P(p154, p155, p156, p157, p158)	=STDEV.P(q154, q155, q156, q157, q158)	=STDEV.P(r154, r155, r156, r157, r158)	=STDEV.P(s154, s155, s156, s157, s158)	=STDEV.P(t154, t155, t156, t157, t158)
=AVERAGE(a159, a160, a161, a162, a163)	=AVERAGE(b159, b160, b161, b162, b163)	=AVERAGE(c159, c160, c161, c162, c163)	=AVERAGE(d159, d160, d161, d162, d163)	=AVERAGE(e159, e160, e161, e162, e163)	=AVERAGE(f159, f160, f161, f162, f163)	=AVERAGE(g159, g160, g161, g162, g163)	=AVERAGE(h159, h160, h161, h162, h163)	=AVERAGE(i159, i160, i161, i162, i163)	=AVERAGE(j159, j160, j161, j162, j163)	=AVERAGE(k159, k160, k161, k162, k163)	=AVERAGE(l159, l160, l161, l162, l163)	=AVERAGE(m159, m160, m161, m162, m163)	=AVERAGE(n159, n160, n161, n162, n163)	=AVERAGE(o159, o160, o161, o162, o163)	=AVERAGE(p159, p160, p161, p162, p163)	=AVERAGE(q159, q160, q161, q162, q163)	=AVERAGE(r159, r160, r161, r162, r163)	=AVERAGE(s159, s160, s161, s162, s163)	=AVERAGE(t159, t160, t161, t162, t163)		=STDEV.P(a159, a160, a161, a162, a163)	=STDEV.P(b159, b160, b161, b162, b163)	=STDEV.P(c159, c160, c161, c162, c163)	=STDEV.P(d159, d160, d161, d162, d163)	=STDEV.P(e159, e160, e161, e162, e163)	=STDEV.P(f159, f160, f161, f162, f163)	=STDEV.P(g159, g160, g161, g162, g163)	=STDEV.P(h159, h160, h161, h162, h163)	=STDEV.P(i159, i160, i161, i162, i163)	=STDEV.P(j159, j160, j161, j162, j163)	=STDEV.P(k159, k160, k161, k162, k163)	=STDEV.P(l159, l160, l161, l162, l163)	=STDEV.P(m159, m160, m161, m162, m163)	=STDEV.P(n159, n160, n161, n162, n163)	=STDEV.P(o159, o160, o161, o162, o163)	=STDEV.P(p159, p160, p161, p162, p163)	=STDEV.P(q159, q160, q161, q162, q163)	=STDEV.P(r159, r160, r161, r162, r163)	=STDEV.P(s159, s160, s161, s162, s163)	=STDEV.P(t159, t160, t161, t162, t163)
=AVERAGE(a164, a165, a166)	=AVERAGE(b164, b165, b166)	=AVERAGE(c164, c165, c166)	=AVERAGE(d164, d165, d166)	=AVERAGE(e164, e165, e166)	=AVERAGE(f164, f165, f166)	=AVERAGE(g164, g165, g166)	=AVERAGE(h164, h165, h166)	=AVERAGE(i164, i165, i166)	=AVERAGE(j164, j165, j166)	=AVERAGE(k164, k165, k166)	=AVERAGE(l164, l165, l166)	=AVERAGE(m164, m165, m166)	=AVERAGE(n164, n165, n166)	=AVERAGE(o164, o165, o166)	=AVERAGE(p164, p165, p166)	=AVERAGE(q164, q165, q166)	=AVERAGE(r164, r165, r166)	=AVERAGE(s164, s165, s166)	=AVERAGE(t164, t165, t166)		=STDEV.P(a164, a165, a166)	=STDEV.P(b164, b165, b166)	=STDEV.P(c164, c165, c166)	=STDEV.P(d164, d165, d166)	=STDEV.P(e164, e165, e166)	=STDEV.P(f164, f165, f166)	=STDEV.P(g164, g165, g166)	=STDEV.P(h164, h165, h166)	=STDEV.P(i164, i165, i166)	=STDEV.P(j164, j165, j166)	=STDEV.P(k164, k165, k166)	=STDEV.P(l164, l165, l166)	=STDEV.P(m164, m165, m166)	=STDEV.P(n164, n165, n166)	=STDEV.P(o164, o165, o166)	=STDEV.P(p164, p165, p166)	=STDEV.P(q164, q165, q166)	=STDEV.P(r164, r165, r166)	=STDEV.P(s164, s165, s166)	=STDEV.P(t164, t165, t166)
=AVERAGE(a167, a168, a169)	=AVERAGE(b167, b168, b169)	=AVERAGE(c167, c168, c169)	=AVERAGE(d167, d168, d169)	=AVERAGE(e167, e168, e169)	=AVERAGE(f167, f168, f169)	=AVERAGE(g167, g168, g169)	=AVERAGE(h167, h168, h169)	=AVERAGE(i167, i168, i169)	=AVERAGE(j167, j168, j169)	=AVERAGE(k167, k168, k169)	=AVERAGE(l167, l168, l169)	=AVERAGE(m167, m168, m169)	=AVERAGE(n167, n168, n169)	=AVERAGE(o167, o168, o169)	=AVERAGE(p167, p168, p169)	=AVERAGE(q167, q168, q169)	=AVERAGE(r167, r168, r169)	=AVERAGE(s167, s168, s169)	=AVERAGE(t167, t168, t169)		=STDEV.P(a167, a168, a169)	=STDEV.P(b167, b168, b169)	=STDEV.P(c167, c168, c169)	=STDEV.P(d167, d168, d169)	=STDEV.P(e167, e168, e169)	=STDEV.P(f167, f168, f169)	=STDEV.P(g167, g168, g169)	=STDEV.P(h167, h168, h169)	=STDEV.P(i167, i168, i169)	=STDEV.P(j167, j168, j169)	=STDEV.P(k167, k168, k169)	=STDEV.P(l167, l168, l169)	=STDEV.P(m167, m168, m169)	=STDEV.P(n167, n168, n169)	=STDEV.P(o167, o168, o169)	=STDEV.P(p167, p168, p169)	=STDEV.P(q167, q168, q169)	=STDEV.P(r167, r168, r169)	=STDEV.P(s167, s168, s169)	=STDEV.P(t167, t168, t169)
=AVERAGE(a170, a171, a172)	=AVERAGE(b170, b171, b172)	=AVERAGE(c170, c171, c172)	=AVERAGE(d170, d171, d172)	=AVERAGE(e170, e171, e172)	=AVERAGE(f170, f171, f172)	=AVERAGE(g170, g171, g172)	=AVERAGE(h170, h171, h172)	=AVERAGE(i170, i171, i172)	=AVERAGE(j170, j171, j172)	=AVERAGE(k170, k171, k172)	=AVERAGE(l170, l171, l172)	=AVERAGE(m170, m171, m172)	=AVERAGE(n170, n171, n172)	=AVERAGE(o170, o171, o172)	=AVERAGE(p170, p171, p172)	=AVERAGE(q170, q171, q172)	=AVERAGE(r170, r171, r172)	=AVERAGE(s170, s171, s172)	=AVERAGE(t170, t171, t172)		=STDEV.P(a170, a171, a172)	=STDEV.P(b170, b171, b172)	=STDEV.P(c170, c171, c172)	=STDEV.P(d170, d171, d172)	=STDEV.P(e170, e171, e172)	=STDEV.P(f170, f171, f172)	=STDEV.P(g170, g171, g172)	=STDEV.P(h170, h171, h172)	=STDEV.P(i170, i171, i172)	=STDEV.P(j170, j171, j172)	=STDEV.P(k170, k171, k172)	=STDEV.P(l170, l171, l172)	=STDEV.P(m170, m171, m172)	=STDEV.P(n170, n171, n172)	=STDEV.P(o170, o171, o172)	=STDEV.P(p170, p171, p172)	=STDEV.P(q170, q171, q172)	=STDEV.P(r170, r171, r172)	=STDEV.P(s170, s171, s172)	=STDEV.P(t170, t171, t172)
=AVERAGE(a173, a174, a175)	=AVERAGE(b173, b174, b175)	=AVERAGE(c173, c174, c175)	=AVERAGE(d173, d174, d175)	=AVERAGE(e173, e174, e175)	=AVERAGE(f173, f174, f175)	=AVERAGE(g173, g174, g175)	=AVERAGE(h173, h174, h175)	=AVERAGE(i173, i174, i175)	=AVERAGE(j173, j174, j175)	=AVERAGE(k173, k174, k175)	=AVERAGE(l173, l174, l175)	=AVERAGE(m173, m174, m175)	=AVERAGE(n173, n174, n175)	=AVERAGE(o173, o174, o175)	=AVERAGE(p173, p174, p175)	=AVERAGE(q173, q174, q175)	=AVERAGE(r173, r174, r175)	=AVERAGE(s173, s174, s175)	=AVERAGE(t173, t174, t175)		=STDEV.P(a173, a174, a175)	=STDEV.P(b173, b174, b175)	=STDEV.P(c173, c174, c175)	=STDEV.P(d173, d174, d175)	=STDEV.P(e173, e174, e175)	=STDEV.P(f173, f174, f175)	=STDEV.P(g173, g174, g175)	=STDEV.P(h173, h174, h175)	=STDEV.P(i173, i174, i175)	=STDEV.P(j173, j174, j175)	=STDEV.P(k173, k174, k175)	=STDEV.P(l173, l174, l175)	=STDEV.P(m173, m174, m175)	=STDEV.P(n173, n174, n175)	=STDEV.P(o173, o174, o175)	=STDEV.P(p173, p174, p175)	=STDEV.P(q173, q174, q175)	=STDEV.P(r173, r174, r175)	=STDEV.P(s173, s174, s175)	=STDEV.P(t173, t174, t175)
=AVERAGE(a176, a177, a178)	=AVERAGE(b176, b177, b178)	=AVERAGE(c176, c177, c178)	=AVERAGE(d176, d177, d178)	=AVERAGE(e176, e177, e178)	=AVERAGE(f176, f177, f178)	=AVERAGE(g176, g177, g178)	=AVERAGE(h176, h177, h178)	=AVERAGE(i176, i177, i178)	=AVERAGE(j176, j177, j178)	=AVERAGE(k176, k177, k178)	=AVERAGE(l176, l177, l178)	=AVERAGE(m176, m177, m178)	=AVERAGE(n176, n177, n178)	=AVERAGE(o176, o177, o178)	=AVERAGE(p176, p177, p178)	=AVERAGE(q176, q177, q178)	=AVERAGE(r176, r177, r178)	=AVERAGE(s176, s177, s178)	=AVERAGE(t176, t177, t178)		=STDEV.P(a176, a177, a178)	=STDEV.P(b176, b177, b178)	=STDEV.P(c176, c177, c178)	=STDEV.P(d176, d177, d178)	=STDEV.P(e176, e177, e178)	=STDEV.P(f176, f177, f178)	=STDEV.P(g176, g177, g178)	=STDEV.P(h176, h177, h178)	=STDEV.P(i176, i177, i178)	=STDEV.P(j176, j177, j178)	=STDEV.P(k176, k177, k178)	=STDEV.P(l176, l177, l178)	=STDEV.P(m176, m177, m178)	=STDEV.P(n176, n177, n178)	=STDEV.P(o176, o177, o178)	=STDEV.P(p176, p177, p178)	=STDEV.P(q176, q177, q178)	=STDEV.P(r176, r177, r178)	=STDEV.P(s176, s177, s178)	=STDEV.P(t176, t177, t178)
=AVERAGE(a179, a180)	=AVERAGE(b179, b180)	=AVERAGE(c179, c180)	=AVERAGE(d179, d180)	=AVERAGE(e179, e180)	=AVERAGE(f179, f180)	=AVERAGE(g179, g180)	=AVERAGE(h179, h180)	=AVERAGE(i179, i180)	=AVERAGE(j179, j180)	=AVERAGE(k179, k180)	=AVERAGE(l179, l180)	=AVERAGE(m179, m180)	=AVERAGE(n179, n180)	=AVERAGE(o179, o180)	=AVERAGE(p179, p180)	=AVERAGE(q179, q180)	=AVERAGE(r179, r180)	=AVERAGE(s179, s180)	=AVERAGE(t179, t180)		=STDEV.P(a179, a180)	=STDEV.P(b179, b180)	=STDEV.P(c179, c180)	=STDEV.P(d179, d180)	=STDEV.P(e179, e180)	=STDEV.P(f179, f180)	=STDEV.P(g179, g180)	=STDEV.P(h179, h180)	=STDEV.P(i179, i180)	=STDEV.P(j179, j180)	=STDEV.P(k179, k180)	=STDEV.P(l179, l180)	=STDEV.P(m179, m180)	=STDEV.P(n179, n180)	=STDEV.P(o179, o180)	=STDEV.P(p179, p180)	=STDEV.P(q179, q180)	=STDEV.P(r179, r180)	=STDEV.P(s179, s180)	=STDEV.P(t179, t180)
=AVERAGE(a181, a182)	=AVERAGE(b181, b182)	=AVERAGE(c181, c182)	=AVERAGE(d181, d182)	=AVERAGE(e181, e182)	=AVERAGE(f181, f182)	=AVERAGE(g181, g182)	=AVERAGE(h181, h182)	=AVERAGE(i181, i182)	=AVERAGE(j181, j182)	=AVERAGE(k181, k182)	=AVERAGE(l181, l182)	=AVERAGE(m181, m182)	=AVERAGE(n181, n182)	=AVERAGE(o181, o182)	=AVERAGE(p181, p182)	=AVERAGE(q181, q182)	=AVERAGE(r181, r182)	=AVERAGE(s181, s182)	=AVERAGE(t181, t182)		=STDEV.P(a181, a182)	=STDEV.P(b181, b182)	=STDEV.P(c181, c182)	=STDEV.P(d181, d182)	=STDEV.P(e181, e182)	=STDEV.P(f181, f182)	=STDEV.P(g181, g182)	=STDEV.P(h181, h182)	=STDEV.P(i181, i182)	=STDEV.P(j181, j182)	=STDEV.P(k181, k182)	=STDEV.P(l181, l182)	=STDEV.P(m181, m182)	=STDEV.P(n181, n182)	=STDEV.P(o181, o182)	=STDEV.P(p181, p182)	=STDEV.P(q181, q182)	=STDEV.P(r181, r182)	=STDEV.P(s181, s182)	=STDEV.P(t181, t182)
=AVERAGE(a183, a184)	=AVERAGE(b183, b184)	=AVERAGE(c183, c184)	=AVERAGE(d183, d184)	=AVERAGE(e183, e184)	=AVERAGE(f183, f184)	=AVERAGE(g183, g184)	=AVERAGE(h183, h184)	=AVERAGE(i183, i184)	=AVERAGE(j183, j184)	=AVERAGE(k183, k184)	=AVERAGE(l183, l184)	=AVERAGE(m183, m184)	=AVERAGE(n183, n184)	=AVERAGE(o183, o184)	=AVERAGE(p183, p184)	=AVERAGE(q183, q184)	=AVERAGE(r183, r184)	=AVERAGE(s183, s184)	=AVERAGE(t183, t184)		=STDEV.P(a183, a184)	=STDEV.P(b183, b184)	=STDEV.P(c183, c184)	=STDEV.P(d183, d184)	=STDEV.P(e183, e184)	=STDEV.P(f183, f184)	=STDEV.P(g183, g184)	=STDEV.P(h183, h184)	=STDEV.P(i183, i184)	=STDEV.P(j183, j184)	=STDEV.P(k183, k184)	=STDEV.P(l183, l184)	=STDEV.P(m183, m184)	=STDEV.P(n183, n184)	=STDEV.P(o183, o184)	=STDEV.P(p183, p184)	=STDEV.P(q183, q184)	=STDEV.P(r183, r184)	=STDEV.P(s183, s184)	=STDEV.P(t183, t184)
=AVERAGE(a185, a186)	=AVERAGE(b185, b186)	=AVERAGE(c185, c186)	=AVERAGE(d185, d186)	=AVERAGE(e185, e186)	=AVERAGE(f185, f186)	=AVERAGE(g185, g186)	=AVERAGE(h185, h186)	=AVERAGE(i185, i186)	=AVERAGE(j185, j186)	=AVERAGE(k185, k186)	=AVERAGE(l185, l186)	=AVERAGE(m185, m186)	=AVERAGE(n185, n186)	=AVERAGE(o185, o186)	=AVERAGE(p185, p186)	=AVERAGE(q185, q186)	=AVERAGE(r185, r186)	=AVERAGE(s185, s186)	=AVERAGE(t185, t186)		=STDEV.P(a185, a186)	=STDEV.P(b185, b186)	=STDEV.P(c185, c186)	=STDEV.P(d185, d186)	=STDEV.P(e185, e186)	=STDEV.P(f185, f186)	=STDEV.P(g185, g186)	=STDEV.P(h185, h186)	=STDEV.P(i185, i186)	=STDEV.P(j185, j186)	=STDEV.P(k185, k186)	=STDEV.P(l185, l186)	=STDEV.P(m185, m186)	=STDEV.P(n185, n186)	=STDEV.P(o185, o186)	=STDEV.P(p185, p186)	=STDEV.P(q185, q186)	=STDEV.P(r185, r186)	=STDEV.P(s185, s186)	=STDEV.P(t185, t186)
=AVERAGE(a187, a188)	=AVERAGE(b187, b188)	=AVERAGE(c187, c188)	=AVERAGE(d187, d188)	=AVERAGE(e187, e188)	=AVERAGE(f187, f188)	=AVERAGE(g187, g188)	=AVERAGE(h187, h188)	=AVERAGE(i187, i188)	=AVERAGE(j187, j188)	=AVERAGE(k187, k188)	=AVERAGE(l187, l188)	=AVERAGE(m187, m188)	=AVERAGE(n187, n188)	=AVERAGE(o187, o188)	=AVERAGE(p187, p188)	=AVERAGE(q187, q188)	=AVERAGE(r187, r188)	=AVERAGE(s187, s188)	=AVERAGE(t187, t188)		=STDEV.P(a187, a188)	=STDEV.P(b187, b188)	=STDEV.P(c187, c188)	=STDEV.P(d187, d188)	=STDEV.P(e187, e188)	=STDEV.P(f187, f188)	=STDEV.P(g187, g188)	=STDEV.P(h187, h188)	=STDEV.P(i187, i188)	=STDEV.P(j187, j188)	=STDEV.P(k187, k188)	=STDEV.P(l187, l188)	=STDEV.P(m187, m188)	=STDEV.P(n187, n188)	=STDEV.P(o187, o188)	=STDEV.P(p187, p188)	=STDEV.P(q187, q188)	=STDEV.P(r187, r188)	=STDEV.P(s187, s188)	=STDEV.P(t187, t188)
=AVERAGE(a189)	=AVERAGE(b189)	=AVERAGE(c189)	=AVERAGE(d189)	=AVERAGE(e189)	=AVERAGE(f189)	=AVERAGE(g189)	=AVERAGE(h189)	=AVERAGE(i189)	=AVERAGE(j189)	=AVERAGE(k189)	=AVERAGE(l189)	=AVERAGE(m189)	=AVERAGE(n189)	=AVERAGE(o189)	=AVERAGE(p189)	=AVERAGE(q189)	=AVERAGE(r189)	=AVERAGE(s189)	=AVERAGE(t189)		=STDEV.P(a189)	=STDEV.P(b189)	=STDEV.P(c189)	=STDEV.P(d189)	=STDEV.P(e189)	=STDEV.P(f189)	=STDEV.P(g189)	=STDEV.P(h189)	=STDEV.P(i189)	=STDEV.P(j189)	=STDEV.P(k189)	=STDEV.P(l189)	=STDEV.P(m189)	=STDEV.P(n189)	=STDEV.P(o189)	=STDEV.P(p189)	=STDEV.P(q189)	=STDEV.P(r189)	=STDEV.P(s189)	=STDEV.P(t189)
=AVERAGE(a190)	=AVERAGE(b190)	=AVERAGE(c190)	=AVERAGE(d190)	=AVERAGE(e190)	=AVERAGE(f190)	=AVERAGE(g190)	=AVERAGE(h190)	=AVERAGE(i190)	=AVERAGE(j190)	=AVERAGE(k190)	=AVERAGE(l190)	=AVERAGE(m190)	=AVERAGE(n190)	=AVERAGE(o190)	=AVERAGE(p190)	=AVERAGE(q190)	=AVERAGE(r190)	=AVERAGE(s190)	=AVERAGE(t190)		=STDEV.P(a190)	=STDEV.P(b190)	=STDEV.P(c190)	=STDEV.P(d190)	=STDEV.P(e190)	=STDEV.P(f190)	=STDEV.P(g190)	=STDEV.P(h190)	=STDEV.P(i190)	=STDEV.P(j190)	=STDEV.P(k190)	=STDEV.P(l190)	=STDEV.P(m190)	=STDEV.P(n190)	=STDEV.P(o190)	=STDEV.P(p190)	=STDEV.P(q190)	=STDEV.P(r190)	=STDEV.P(s190)	=STDEV.P(t190)
=AVERAGE(a191)	=AVERAGE(b191)	=AVERAGE(c191)	=AVERAGE(d191)	=AVERAGE(e191)	=AVERAGE(f191)	=AVERAGE(g191)	=AVERAGE(h191)	=AVERAGE(i191)	=AVERAGE(j191)	=AVERAGE(k191)	=AVERAGE(l191)	=AVERAGE(m191)	=AVERAGE(n191)	=AVERAGE(o191)	=AVERAGE(p191)	=AVERAGE(q191)	=AVERAGE(r191)	=AVERAGE(s191)	=AVERAGE(t191)		=STDEV.P(a191)	=STDEV.P(b191)	=STDEV.P(c191)	=STDEV.P(d191)	=STDEV.P(e191)	=STDEV.P(f191)	=STDEV.P(g191)	=STDEV.P(h191)	=STDEV.P(i191)	=STDEV.P(j191)	=STDEV.P(k191)	=STDEV.P(l191)	=STDEV.P(m191)	=STDEV.P(n191)	=STDEV.P(o191)	=STDEV.P(p191)	=STDEV.P(q191)	=STDEV.P(r191)	=STDEV.P(s191)	=STDEV.P(t191)
=AVERAGE(a192)	=AVERAGE(b192)	=AVERAGE(c192)	=AVERAGE(d192)	=AVERAGE(e192)	=AVERAGE(f192)	=AVERAGE(g192)	=AVERAGE(h192)	=AVERAGE(i192)	=AVERAGE(j192)	=AVERAGE(k192)	=AVERAGE(l192)	=AVERAGE(m192)	=AVERAGE(n192)	=AVERAGE(o192)	=AVERAGE(p192)	=AVERAGE(q192)	=AVERAGE(r192)	=AVERAGE(s192)	=AVERAGE(t192)		=STDEV.P(a192)	=STDEV.P(b192)	=STDEV.P(c192)	=STDEV.P(d192)	=STDEV.P(e192)	=STDEV.P(f192)	=STDEV.P(g192)	=STDEV.P(h192)	=STDEV.P(i192)	=STDEV.P(j192)	=STDEV.P(k192)	=STDEV.P(l192)	=STDEV.P(m192)	=STDEV.P(n192)	=STDEV.P(o192)	=STDEV.P(p192)	=STDEV.P(q192)	=STDEV.P(r192)	=STDEV.P(s192)	=STDEV.P(t192)
=AVERAGE(a193)	=AVERAGE(b193)	=AVERAGE(c193)	=AVERAGE(d193)	=AVERAGE(e193)	=AVERAGE(f193)	=AVERAGE(g193)	=AVERAGE(h193)	=AVERAGE(i193)	=AVERAGE(j193)	=AVERAGE(k193)	=AVERAGE(l193)	=AVERAGE(m193)	=AVERAGE(n193)	=AVERAGE(o193)	=AVERAGE(p193)	=AVERAGE(q193)	=AVERAGE(r193)	=AVERAGE(s193)	=AVERAGE(t193)		=STDEV.P(a193)	=STDEV.P(b193)	=STDEV.P(c193)	=STDEV.P(d193)	=STDEV.P(e193)	=STDEV.P(f193)	=STDEV.P(g193)	=STDEV.P(h193)	=STDEV.P(i193)	=STDEV.P(j193)	=STDEV.P(k193)	=STDEV.P(l193)	=STDEV.P(m193)	=STDEV.P(n193)	=STDEV.P(o193)	=STDEV.P(p193)	=STDEV.P(q193)	=STDEV.P(r193)	=STDEV.P(s193)	=STDEV.P(t193)
=AVERAGE(a194)	=AVERAGE(b194)	=AVERAGE(c194)	=AVERAGE(d194)	=AVERAGE(e194)	=AVERAGE(f194)	=AVERAGE(g194)	=AVERAGE(h194)	=AVERAGE(i194)	=AVERAGE(j194)	=AVERAGE(k194)	=AVERAGE(l194)	=AVERAGE(m194)	=AVERAGE(n194)	=AVERAGE(o194)	=AVERAGE(p194)	=AVERAGE(q194)	=AVERAGE(r194)	=AVERAGE(s194)	=AVERAGE(t194)		=STDEV.P(a194)	=STDEV.P(b194)	=STDEV.P(c194)	=STDEV.P(d194)	=STDEV.P(e194)	=STDEV.P(f194)	=STDEV.P(g194)	=STDEV.P(h194)	=STDEV.P(i194)	=STDEV.P(j194)	=STDEV.P(k194)	=STDEV.P(l194)	=STDEV.P(m194)	=STDEV.P(n194)	=STDEV.P(o194)	=STDEV.P(p194)	=STDEV.P(q194)	=STDEV.P(r194)	=STDEV.P(s194)	=STDEV.P(t194)
=AVERAGE(a195)	=AVERAGE(b195)	=AVERAGE(c195)	=AVERAGE(d195)	=AVERAGE(e195)	=AVERAGE(f195)	=AVERAGE(g195)	=AVERAGE(h195)	=AVERAGE(i195)	=AVERAGE(j195)	=AVERAGE(k195)	=AVERAGE(l195)	=AVERAGE(m195)	=AVERAGE(n195)	=AVERAGE(o195)	=AVERAGE(p195)	=AVERAGE(q195)	=AVERAGE(r195)	=AVERAGE(s195)	=AVERAGE(t195)		=STDEV.P(a195)	=STDEV.P(b195)	=STDEV.P(c195)	=STDEV.P(d195)	=STDEV.P(e195)	=STDEV.P(f195)	=STDEV.P(g195)	=STDEV.P(h195)	=STDEV.P(i195)	=STDEV.P(j195)	=STDEV.P(k195)	=STDEV.P(l195)	=STDEV.P(m195)	=STDEV.P(n195)	=STDEV.P(o195)	=STDEV.P(p195)	=STDEV.P(q195)	=STDEV.P(r195)	=STDEV.P(s195)	=STDEV.P(t195)
=AVERAGE(a196)	=AVERAGE(b196)	=AVERAGE(c196)	=AVERAGE(d196)	=AVERAGE(e196)	=AVERAGE(f196)	=AVERAGE(g196)	=AVERAGE(h196)	=AVERAGE(i196)	=AVERAGE(j196)	=AVERAGE(k196)	=AVERAGE(l196)	=AVERAGE(m196)	=AVERAGE(n196)	=AVERAGE(o196)	=AVERAGE(p196)	=AVERAGE(q196)	=AVERAGE(r196)	=AVERAGE(s196)	=AVERAGE(t196)		=STDEV.P(a196)	=STDEV.P(b196)	=STDEV.P(c196)	=STDEV.P(d196)	=STDEV.P(e196)	=STDEV.P(f196)	=STDEV.P(g196)	=STDEV.P(h196)	=STDEV.P(i196)	=STDEV.P(j196)	=STDEV.P(k196)	=STDEV.P(l196)	=STDEV.P(m196)	=STDEV.P(n196)	=STDEV.P(o196)	=STDEV.P(p196)	=STDEV.P(q196)	=STDEV.P(r196)	=STDEV.P(s196)	=STDEV.P(t196)
=AVERAGE(a197)	=AVERAGE(b197)	=AVERAGE(c197)	=AVERAGE(d197)	=AVERAGE(e197)	=AVERAGE(f197)	=AVERAGE(g197)	=AVERAGE(h197)	=AVERAGE(i197)	=AVERAGE(j197)	=AVERAGE(k197)	=AVERAGE(l197)	=AVERAGE(m197)	=AVERAGE(n197)	=AVERAGE(o197)	=AVERAGE(p197)	=AVERAGE(q197)	=AVERAGE(r197)	=AVERAGE(s197)	=AVERAGE(t197)		=STDEV.P(a197)	=STDEV.P(b197)	=STDEV.P(c197)	=STDEV.P(d197)	=STDEV.P(e197)	=STDEV.P(f197)	=STDEV.P(g197)	=STDEV.P(h197)	=STDEV.P(i197)	=STDEV.P(j197)	=STDEV.P(k197)	=STDEV.P(l197)	=STDEV.P(m197)	=STDEV.P(n197)	=STDEV.P(o197)	=STDEV.P(p197)	=STDEV.P(q197)	=STDEV.P(r197)	=STDEV.P(s197)	=STDEV.P(t197)
=AVERAGE(a198)	=AVERAGE(b198)	=AVERAGE(c198)	=AVERAGE(d198)	=AVERAGE(e198)	=AVERAGE(f198)	=AVERAGE(g198)	=AVERAGE(h198)	=AVERAGE(i198)	=AVERAGE(j198)	=AVERAGE(k198)	=AVERAGE(l198)	=AVERAGE(m198)	=AVERAGE(n198)	=AVERAGE(o198)	=AVERAGE(p198)	=AVERAGE(q198)	=AVERAGE(r198)	=AVERAGE(s198)	=AVERAGE(t198)		=STDEV.P(a198)	=STDEV.P(b198)	=STDEV.P(c198)	=STDEV.P(d198)	=STDEV.P(e198)	=STDEV.P(f198)	=STDEV.P(g198)	=STDEV.P(h198)	=STDEV.P(i198)	=STDEV.P(j198)	=STDEV.P(k198)	=STDEV.P(l198)	=STDEV.P(m198)	=STDEV.P(n198)	=STDEV.P(o198)	=STDEV.P(p198)	=STDEV.P(q198)	=STDEV.P(r198)	=STDEV.P(s198)	=STDEV.P(t198)
=AVERAGE(a199)	=AVERAGE(b199)	=AVERAGE(c199)	=AVERAGE(d199)	=AVERAGE(e199)	=AVERAGE(f199)	=AVERAGE(g199)	=AVERAGE(h199)	=AVERAGE(i199)	=AVERAGE(j199)	=AVERAGE(k199)	=AVERAGE(l199)	=AVERAGE(m199)	=AVERAGE(n199)	=AVERAGE(o199)	=AVERAGE(p199)	=AVERAGE(q199)	=AVERAGE(r199)	=AVERAGE(s199)	=AVERAGE(t199)		=STDEV.P(a199)	=STDEV.P(b199)	=STDEV.P(c199)	=STDEV.P(d199)	=STDEV.P(e199)	=STDEV.P(f199)	=STDEV.P(g199)	=STDEV.P(h199)	=STDEV.P(i199)	=STDEV.P(j199)	=STDEV.P(k199)	=STDEV.P(l199)	=STDEV.P(m199)	=STDEV.P(n199)	=STDEV.P(o199)	=STDEV.P(p199)	=STDEV.P(q199)	=STDEV.P(r199)	=STDEV.P(s199)	=STDEV.P(t199)
=AVERAGE(a200)	=AVERAGE(b200)	=AVERAGE(c200)	=AVERAGE(d200)	=AVERAGE(e200)	=AVERAGE(f200)	=AVERAGE(g200)	=AVERAGE(h200)	=AVERAGE(i200)	=AVERAGE(j200)	=AVERAGE(k200)	=AVERAGE(l200)	=AVERAGE(m200)	=AVERAGE(n200)	=AVERAGE(o200)	=AVERAGE(p200)	=AVERAGE(q200)	=AVERAGE(r200)	=AVERAGE(s200)	=AVERAGE(t200)		=STDEV.P(a200)	=STDEV.P(b200)	=STDEV.P(c200)	=STDEV.P(d200)	=STDEV.P(e200)	=STDEV.P(f200)	=STDEV.P(g200)	=STDEV.P(h200)	=STDEV.P(i200)	=STDEV.P(j200)	=STDEV.P(k200)	=STDEV.P(l200)	=STDEV.P(m200)	=STDEV.P(n200)	=STDEV.P(o200)	=STDEV.P(p200)	=STDEV.P(q200)	=STDEV.P(r200)	=STDEV.P(s200)	=STDEV.P(t200)
=AVERAGE(a201)	=AVERAGE(b201)	=AVERAGE(c201)	=AVERAGE(d201)	=AVERAGE(e201)	=AVERAGE(f201)	=AVERAGE(g201)	=AVERAGE(h201)	=AVERAGE(i201)	=AVERAGE(j201)	=AVERAGE(k201)	=AVERAGE(l201)	=AVERAGE(m201)	=AVERAGE(n201)	=AVERAGE(o201)	=AVERAGE(p201)	=AVERAGE(q201)	=AVERAGE(r201)	=AVERAGE(s201)	=AVERAGE(t201)		=STDEV.P(a201)	=STDEV.P(b201)	=STDEV.P(c201)	=STDEV.P(d201)	=STDEV.P(e201)	=STDEV.P(f201)	=STDEV.P(g201)	=STDEV.P(h201)	=STDEV.P(i201)	=STDEV.P(j201)	=STDEV.P(k201)	=STDEV.P(l201)	=STDEV.P(m201)	=STDEV.P(n201)	=STDEV.P(o201)	=STDEV.P(p201)	=STDEV.P(q201)	=STDEV.P(r201)	=STDEV.P(s201)	=STDEV.P(t201)
=AVERAGE(a202)	=AVERAGE(b202)	=AVERAGE(c202)	=AVERAGE(d202)	=AVERAGE(e202)	=AVERAGE(f202)	=AVERAGE(g202)	=AVERAGE(h202)	=AVERAGE(i202)	=AVERAGE(j202)	=AVERAGE(k202)	=AVERAGE(l202)	=AVERAGE(m202)	=AVERAGE(n202)	=AVERAGE(o202)	=AVERAGE(p202)	=AVERAGE(q202)	=AVERAGE(r202)	=AVERAGE(s202)	=AVERAGE(t202)		=STDEV.P(a202)	=STDEV.P(b202)	=STDEV.P(c202)	=STDEV.P(d202)	=STDEV.P(e202)	=STDEV.P(f202)	=STDEV.P(g202)	=STDEV.P(h202)	=STDEV.P(i202)	=STDEV.P(j202)	=STDEV.P(k202)	=STDEV.P(l202)	=STDEV.P(m202)	=STDEV.P(n202)	=STDEV.P(o202)	=STDEV.P(p202)	=STDEV.P(q202)	=STDEV.P(r202)	=STDEV.P(s202)	=STDEV.P(t202)
=AVERAGE(a203)	=AVERAGE(b203)	=AVERAGE(c203)	=AVERAGE(d203)	=AVERAGE(e203)	=AVERAGE(f203)	=AVERAGE(g203)	=AVERAGE(h203)	=AVERAGE(i203)	=AVERAGE(j203)	=AVERAGE(k203)	=AVERAGE(l203)	=AVERAGE(m203)	=AVERAGE(n203)	=AVERAGE(o203)	=AVERAGE(p203)	=AVERAGE(q203)	=AVERAGE(r203)	=AVERAGE(s203)	=AVERAGE(t203)		=STDEV.P(a203)	=STDEV.P(b203)	=STDEV.P(c203)	=STDEV.P(d203)	=STDEV.P(e203)	=STDEV.P(f203)	=STDEV.P(g203)	=STDEV.P(h203)	=STDEV.P(i203)	=STDEV.P(j203)	=STDEV.P(k203)	=STDEV.P(l203)	=STDEV.P(m203)	=STDEV.P(n203)	=STDEV.P(o203)	=STDEV.P(p203)	=STDEV.P(q203)	=STDEV.P(r203)	=STDEV.P(s203)	=STDEV.P(t203)
=AVERAGE(a204)	=AVERAGE(b204)	=AVERAGE(c204)	=AVERAGE(d204)	=AVERAGE(e204)	=AVERAGE(f204)	=AVERAGE(g204)	=AVERAGE(h204)	=AVERAGE(i204)	=AVERAGE(j204)	=AVERAGE(k204)	=AVERAGE(l204)	=AVERAGE(m204)	=AVERAGE(n204)	=AVERAGE(o204)	=AVERAGE(p204)	=AVERAGE(q204)	=AVERAGE(r204)	=AVERAGE(s204)	=AVERAGE(t204)		=STDEV.P(a204)	=STDEV.P(b204)	=STDEV.P(c204)	=STDEV.P(d204)	=STDEV.P(e204)	=STDEV.P(f204)	=STDEV.P(g204)	=STDEV.P(h204)	=STDEV.P(i204)	=STDEV.P(j204)	=STDEV.P(k204)	=STDEV.P(l204)	=STDEV.P(m204)	=STDEV.P(n204)	=STDEV.P(o204)	=STDEV.P(p204)	=STDEV.P(q204)	=STDEV.P(r204)	=STDEV.P(s204)	=STDEV.P(t204)
=AVERAGE(a205)	=AVERAGE(b205)	=AVERAGE(c205)	=AVERAGE(d205)	=AVERAGE(e205)	=AVERAGE(f205)	=AVERAGE(g205)	=AVERAGE(h205)	=AVERAGE(i205)	=AVERAGE(j205)	=AVERAGE(k205)	=AVERAGE(l205)	=AVERAGE(m205)	=AVERAGE(n205)	=AVERAGE(o205)	=AVERAGE(p205)	=AVERAGE(q205)	=AVERAGE(r205)	=AVERAGE(s205)	=AVERAGE(t205)		=STDEV.P(a205)	=STDEV.P(b205)	=STDEV.P(c205)	=STDEV.P(d205)	=STDEV.P(e205)	=STDEV.P(f205)	=STDEV.P(g205)	=STDEV.P(h205)	=STDEV.P(i205)	=STDEV.P(j205)	=STDEV.P(k205)	=STDEV.P(l205)	=STDEV.P(m205)	=STDEV.P(n205)	=STDEV.P(o205)	=STDEV.P(p205)	=STDEV.P(q205)	=STDEV.P(r205)	=STDEV.P(s205)	=STDEV.P(t205)
=AVERAGE(a206)	=AVERAGE(b206)	=AVERAGE(c206)	=AVERAGE(d206)	=AVERAGE(e206)	=AVERAGE(f206)	=AVERAGE(g206)	=AVERAGE(h206)	=AVERAGE(i206)	=AVERAGE(j206)	=AVERAGE(k206)	=AVERAGE(l206)	=AVERAGE(m206)	=AVERAGE(n206)	=AVERAGE(o206)	=AVERAGE(p206)	=AVERAGE(q206)	=AVERAGE(r206)	=AVERAGE(s206)	=AVERAGE(t206)		=STDEV.P(a206)	=STDEV.P(b206)	=STDEV.P(c206)	=STDEV.P(d206)	=STDEV.P(e206)	=STDEV.P(f206)	=STDEV.P(g206)	=STDEV.P(h206)	=STDEV.P(i206)	=STDEV.P(j206)	=STDEV.P(k206)	=STDEV.P(l206)	=STDEV.P(m206)	=STDEV.P(n206)	=STDEV.P(o206)	=STDEV.P(p206)	=STDEV.P(q206)	=STDEV.P(r206)	=STDEV.P(s206)	=STDEV.P(t206)
=AVERAGE(a207)	=AVERAGE(b207)	=AVERAGE(c207)	=AVERAGE(d207)	=AVERAGE(e207)	=AVERAGE(f207)	=AVERAGE(g207)	=AVERAGE(h207)	=AVERAGE(i207)	=AVERAGE(j207)	=AVERAGE(k207)	=AVERAGE(l207)	=AVERAGE(m207)	=AVERAGE(n207)	=AVERAGE(o207)	=AVERAGE(p207)	=AVERAGE(q207)	=AVERAGE(r207)	=AVERAGE(s207)	=AVERAGE(t207)		=STDEV.P(a207)	=STDEV.P(b207)	=STDEV.P(c207)	=STDEV.P(d207)	=STDEV.P(e207)	=STDEV.P(f207)	=STDEV.P(g207)	=STDEV.P(h207)	=STDEV.P(i207)	=STDEV.P(j207)	=STDEV.P(k207)	=STDEV.P(l207)	=STDEV.P(m207)	=STDEV.P(n207)	=STDEV.P(o207)	=STDEV.P(p207)	=STDEV.P(q207)	=STDEV.P(r207)	=STDEV.P(s207)	=STDEV.P(t207)
=AVERAGE(a208)	=AVERAGE(b208)	=AVERAGE(c208)	=AVERAGE(d208)	=AVERAGE(e208)	=AVERAGE(f208)	=AVERAGE(g208)	=AVERAGE(h208)	=AVERAGE(i208)	=AVERAGE(j208)	=AVERAGE(k208)	=AVERAGE(l208)	=AVERAGE(m208)	=AVERAGE(n208)	=AVERAGE(o208)	=AVERAGE(p208)	=AVERAGE(q208)	=AVERAGE(r208)	=AVERAGE(s208)	=AVERAGE(t208)		=STDEV.P(a208)	=STDEV.P(b208)	=STDEV.P(c208)	=STDEV.P(d208)	=STDEV.P(e208)	=STDEV.P(f208)	=STDEV.P(g208)	=STDEV.P(h208)	=STDEV.P(i208)	=STDEV.P(j208)	=STDEV.P(k208)	=STDEV.P(l208)	=STDEV.P(m208)	=STDEV.P(n208)	=STDEV.P(o208)	=STDEV.P(p208)	=STDEV.P(q208)	=STDEV.P(r208)	=STDEV.P(s208)	=STDEV.P(t208)
=AVERAGE(a209)	=AVERAGE(b209)	=AVERAGE(c209)	=AVERAGE(d209)	=AVERAGE(e209)	=AVERAGE(f209)	=AVERAGE(g209)	=AVERAGE(h209)	=AVERAGE(i209)	=AVERAGE(j209)	=AVERAGE(k209)	=AVERAGE(l209)	=AVERAGE(m209)	=AVERAGE(n209)	=AVERAGE(o209)	=AVERAGE(p209)	=AVERAGE(q209)	=AVERAGE(r209)	=AVERAGE(s209)	=AVERAGE(t209)		=STDEV.P(a209)	=STDEV.P(b209)	=STDEV.P(c209)	=STDEV.P(d209)	=STDEV.P(e209)	=STDEV.P(f209)	=STDEV.P(g209)	=STDEV.P(h209)	=STDEV.P(i209)	=STDEV.P(j209)	=STDEV.P(k209)	=STDEV.P(l209)	=STDEV.P(m209)	=STDEV.P(n209)	=STDEV.P(o209)	=STDEV.P(p209)	=STDEV.P(q209)	=STDEV.P(r209)	=STDEV.P(s209)	=STDEV.P(t209)
=AVERAGE(a210)	=AVERAGE(b210)	=AVERAGE(c210)	=AVERAGE(d210)	=AVERAGE(e210)	=AVERAGE(f210)	=AVERAGE(g210)	=AVERAGE(h210)	=AVERAGE(i210)	=AVERAGE(j210)	=AVERAGE(k210)	=AVERAGE(l210)	=AVERAGE(m210)	=AVERAGE(n210)	=AVERAGE(o210)	=AVERAGE(p210)	=AVERAGE(q210)	=AVERAGE(r210)	=AVERAGE(s210)	=AVERAGE(t210)		=STDEV.P(a210)	=STDEV.P(b210)	=STDEV.P(c210)	=STDEV.P(d210)	=STDEV.P(e210)	=STDEV.P(f210)	=STDEV.P(g210)	=STDEV.P(h210)	=STDEV.P(i210)	=STDEV.P(j210)	=STDEV.P(k210)	=STDEV.P(l210)	=STDEV.P(m210)	=STDEV.P(n210)	=STDEV.P(o210)	=STDEV.P(p210)	=STDEV.P(q210)	=STDEV.P(r210)	=STDEV.P(s210)	=STDEV.P(t210)
=AVERAGE(a211)	=AVERAGE(b211)	=AVERAGE(c211)	=AVERAGE(d211)	=AVERAGE(e211)	=AVERAGE(f211)	=AVERAGE(g211)	=AVERAGE(h211)	=AVERAGE(i211)	=AVERAGE(j211)	=AVERAGE(k211)	=AVERAGE(l211)	=AVERAGE(m211)	=AVERAGE(n211)	=AVERAGE(o211)	=AVERAGE(p211)	=AVERAGE(q211)	=AVERAGE(r211)	=AVERAGE(s211)	=AVERAGE(t211)		=STDEV.P(a211)	=STDEV.P(b211)	=STDEV.P(c211)	=STDEV.P(d211)	=STDEV.P(e211)	=STDEV.P(f211)	=STDEV.P(g211)	=STDEV.P(h211)	=STDEV.P(i211)	=STDEV.P(j211)	=STDEV.P(k211)	=STDEV.P(l211)	=STDEV.P(m211)	=STDEV.P(n211)	=STDEV.P(o211)	=STDEV.P(p211)	=STDEV.P(q211)	=STDEV.P(r211)	=STDEV.P(s211)	=STDEV.P(t211)
=AVERAGE(a212)	=AVERAGE(b212)	=AVERAGE(c212)	=AVERAGE(d212)	=AVERAGE(e212)	=AVERAGE(f212)	=AVERAGE(g212)	=AVERAGE(h212)	=AVERAGE(i212)	=AVERAGE(j212)	=AVERAGE(k212)	=AVERAGE(l212)	=AVERAGE(m212)	=AVERAGE(n212)	=AVERAGE(o212)	=AVERAGE(p212)	=AVERAGE(q212)	=AVERAGE(r212)	=AVERAGE(s212)	=AVERAGE(t212)		=STDEV.P(a212)	=STDEV.P(b212)	=STDEV.P(c212)	=STDEV.P(d212)	=STDEV.P(e212)	=STDEV.P(f212)	=STDEV.P(g212)	=STDEV.P(h212)	=STDEV.P(i212)	=STDEV.P(j212)	=STDEV.P(k212)	=STDEV.P(l212)	=STDEV.P(m212)	=STDEV.P(n212)	=STDEV.P(o212)	=STDEV.P(p212)	=STDEV.P(q212)	=STDEV.P(r212)	=STDEV.P(s212)	=STDEV.P(t212)
=AVERAGE(a213)	=AVERAGE(b213)	=AVERAGE(c213)	=AVERAGE(d213)	=AVERAGE(e213)	=AVERAGE(f213)	=AVERAGE(g213)	=AVERAGE(h213)	=AVERAGE(i213)	=AVERAGE(j213)	=AVERAGE(k213)	=AVERAGE(l213)	=AVERAGE(m213)	=AVERAGE(n213)	=AVERAGE(o213)	=AVERAGE(p213)	=AVERAGE(q213)	=AVERAGE(r213)	=AVERAGE(s213)	=AVERAGE(t213)		=STDEV.P(a213)	=STDEV.P(b213)	=STDEV.P(c213)	=STDEV.P(d213)	=STDEV.P(e213)	=STDEV.P(f213)	=STDEV.P(g213)	=STDEV.P(h213)	=STDEV.P(i213)	=STDEV.P(j213)	=STDEV.P(k213)	=STDEV.P(l213)	=STDEV.P(m213)	=STDEV.P(n213)	=STDEV.P(o213)	=STDEV.P(p213)	=STDEV.P(q213)	=STDEV.P(r213)	=STDEV.P(s213)	=STDEV.P(t213)
=AVERAGE(a214)	=AVERAGE(b214)	=AVERAGE(c214)	=AVERAGE(d214)	=AVERAGE(e214)	=AVERAGE(f214)	=AVERAGE(g214)	=AVERAGE(h214)	=AVERAGE(i214)	=AVERAGE(j214)	=AVERAGE(k214)	=AVERAGE(l214)	=AVERAGE(m214)	=AVERAGE(n214)	=AVERAGE(o214)	=AVERAGE(p214)	=AVERAGE(q214)	=AVERAGE(r214)	=AVERAGE(s214)	=AVERAGE(t214)		=STDEV.P(a214)	=STDEV.P(b214)	=STDEV.P(c214)	=STDEV.P(d214)	=STDEV.P(e214)	=STDEV.P(f214)	=STDEV.P(g214)	=STDEV.P(h214)	=STDEV.P(i214)	=STDEV.P(j214)	=STDEV.P(k214)	=STDEV.P(l214)	=STDEV.P(m214)	=STDEV.P(n214)	=STDEV.P(o214)	=STDEV.P(p214)	=STDEV.P(q214)	=STDEV.P(r214)	=STDEV.P(s214)	=STDEV.P(t214)

0	0	0.9621	0.998	0	17.092	3.272	1	0	83	6	0.9621	0.998	0	17.092	3.272	1	0	83	6
0	0	0.9541	0.9985	0	17.824	3.152	24	5	49	6	0.9541	0.9985	0	17.824	3.152	24	5	49	6
0	0	0.966	0.9981	0	17.312	3.24	25	4	52	6	0.966	0.9981	0	17.312	3.24	25	4	52	6
0	0	0.9738	0.9982	0	15.832	3.224	21	4	60	6	0.9738	0.9982	0	15.832	3.224	21	4	60	6
0	0	0.9541	0.9982	0	17.86	3.396	45	5	67	6	0.9541	0.9982	0	17.86	3.396	45	5	67	6
0	0	0.9621	0.9981	0	17.276	3.228	32	5	38	5	0.9621	0.9981	0	17.276	3.228	32	5	38	5
0	0	0.982	0.998	0	17.124	3.204	1	0	26	5	0.982	0.998	0	17.124	3.204	1	0	26	5
0	0	0.9581	0.9982	0	18.032	3.364	18	4	38	6	0.9581	0.9982	0	18.032	3.364	18	4	38	6
0	0	0.99	0.9986	0	15.208	3.088	64	6	54	6	0.99	0.9986	0	15.208	3.088	64	6	54	6
0	0	0.9501	0.9981	0	16.944	3.276	6	2	21	5	0.9501	0.9981	0	16.944	3.276	6	2	21	5
1	0	0.998	0.9981	0.9974	13.764	3.1	5	2	41	7	0.9801	0.9981	0	15.428	3.186	5	2	83	6
1	0	0.99	0.9985	0	15.42	3.136	24	5	59	10	0.9721	0.9985	0	16.622	3.144	24	5	49	6
1	0	0.9939	0.9981	0	14.648	3.308	25	4	26	5	0.98	0.9981	0	15.98	3.274	25	4	52	6
1	0	0.9939	0.9982	0	13.84	3.272	21	4	89	7	0.9839	0.9982	0	14.836	3.248	21	4	60	6
1	0	0.99	0.9982	0	16.52	3.5	45	5	78	8	0.9721	0.9982	0	17.19	3.448	45	5	67	6
1	0	0.994	0.9981	0	16.324	3.356	32	5	28	5	0.978	0.9981	0	16.8	3.292	32	5	38	5
1	0	0.994	0.9985	0	17.308	3.432	68	6	33	7	0.988	0.9985	0	17.216	3.318	68	6	26	5
1	0	0.994	0.9982	0	16.976	3.504	18	4	58	8	0.9761	0.9982	0	17.504	3.434	18	4	38	6
1	0	0.99	0.9986	0	14.84	3.16	64	6	20	5	0.99	0.9986	0	15.024	3.124	64	6	54	6
1	0	0.9901	0.9981	0	13.344	3.232	6	2	62	9	0.9701	0.9981	0	15.144	3.254	6	2	21	5
2	0	0.994	0.9981	0	13.336	3.108	5	2	26	7	0.9847	0.9981	0	14.731	3.16	5	2	83	6
2	0	0.998	0.9985	0.998	15.716	3.32	24	5	5	2	0.9807	0.9985	0	16.32	3.203	24	5	49	6
2	0	0.9979	0.9982	0.9979	15.556	3.492	43	8	72	7	0.986	0.9982	0	15.839	3.347	43	8	52	6
2	0	0.9939	0.9982	0	12.948	3.336	21	4	9	3	0.9872	0.9982	0	14.207	3.277	21	4	60	6
2	0	0.998	0.9982	0.9977	16.66	3.488	45	5	49	7	0.9807	0.9982	0	17.013	3.461	45	5	67	6
2	0	0.986	0.9981	0	14.58	3.396	32	5	43	5	0.9807	0.9981	0	16.06	3.327	32	5	38	5
2	0	0.994	0.9985	0	16.492	3.612	68	6	46	11	0.99	0.9985	0	16.975	3.416	68	6	26	5
2	0	0.994	0.9982	0	18.656	3.696	18	4	9	4	0.9821	0.9982	0	17.888	3.521	18	4	38	6
2	0	0.99	0.9986	0	15.34	3.456	64	6	25	7	0.99	0.9986	0	15.129	3.235	64	6	54	6
2	0	0.994	0.9981	0	11.828	3.164	6	2	17	10	0.9781	0.9981	0	14.039	3.224	6	2	21	5
3	0	0.99	0.9981	0	13.724	3.316	5	2	11	4	0.986	0.9981	0	14.479	3.199	5	2	83	6
3	0	0.998	0.9985	0.9978	16.944	3.512	24	5	47	6	0.985	0.9985	0	16.476	3.28	24	5	49	6
3	0	0.9977	0.9982	0.95	16.496	3.728	43	8	34	8	0.9889	0.9982	0	16.003	3.442	43	8	52	6
3	0	0.9979	0.9982	0.9969	11.892	3.16	60	6	7	3	0.9899	0.9982	0	13.628	3.248	60	6	60	6
3	0	0.998	0.9982	0.9977	13.864	3.18	45	5	36	7	0.9851	0.9982	0	16.226	3.391	45	5	67	6
3	0	0.994	0.9989	0	13.584	3.412	51	6	37	11	0.984	0.9989	0	15.441	3.348	51	6	38	5
3	0	0.986	0.9985	0	16.948	3.628	68	6	15	6	0.989	0.9985	0	16.968	3.469	68	6	26	5
3	0	0.998	0.9982	0.998	17.8	3.696	18	4	8	5	0.986	0.9982	0	17.866	3.565	18	4	38	6
3	0	0.982	0.9986	0	16.992	3.688	64	6	22	5	0.988	0.9986	0	15.595	3.348	64	6	54	6
3	0	0.998	0.9981	0.9979	13.264	3.396	6	2	21	7	0.9831	0.9981	0	13.845	3.267	6	2	21	5
4	0	0.994	0.9981	0	13.592	3.296	5	2	26	7	0.9876	0.9981	0	14.302	3.218	5	2	83	6
4	0	0.998	0.9985	0.9978	15.028	3.288	24	5	39	6	0.9876	0.9985	0	16.186	3.282	24	5	49	6
4	0	0.986	0.9982	0	15.032	3.644	43	8	38	8	0.9883	0.9982	0	15.809	3.482	43	8	52	6
4	0	0.99	0.9982	0	11.948	3.148	60	6	13	6	0.9899	0.9982	0	13.292	3.228	60	6	60	6
4	0	0.998	0.9982	0.9979	12.54	3.052	45	5	1	0	0.9877	0.9982	0	15.489	3.323	45	5	67	6
4	0	0.998	0.9989	0.9973	13.272	3.388	51	6	11	5	0.9868	0.9989	0	15.007	3.356	51	6	38	5
4	0	0.998	0.9985	0.9977	17.04	3.9	68	6	4	2	0.9908	0.9985	0	16.982	3.555	68	6	26	5
4	0	0.994	0.9982	0	17.672	3.668	18	4	26	7	0.9876	0.9982	0	17.827	3.586	18	4	38	6
4	0	0.99	0.9986	0	17.724	3.448	64	6	20	6	0.9884	0.9986	0	16.021	3.368	64	6	54	6
4	0	0.994	0.9981	0	13.364	3.304	6	2	81	10	0.9853	0.9981	0	13.749	3.274	6	2	21	5
5	0	0.998	0.9985	0.998	14.972	3.172	24	5	86	7	0.9894	0.9985	0	15.984	3.263	24	5	49	6
5	0	0.9979	0.9985	0.9979	12.86	3.296	9	5	7	3	0.9899	0.9985	0	15.317	3.451	9	5	52	6
5	0	0.99	0.9982	0	11.752	2.996	60	6	8	4	0.9899	0.9982	0	13.035	3.189	60	6	60	6
5	0	0.998	0.9982	0.9977	12.476	3.248	45	5	53	7	0.9894	0.9982	0	14.987	3.311	45	5	67	6
5	0	0.994	0.9989	0	13.86	3.472	51	6	36	9	0.988	0.9989	0	14.816	3.375	51	6	38	5
5	0	0.994	0.9985	0	17.664	3.984	68	6	21	6	0.9914	0.9985	0	17.096	3.627	68	6	26	5
5	0	0.982	0.9986	0	18.712	3.536	64	6	75	7	0.9873	0.9986	0	16.469	3.396	64	6	54	6
6	0	0.994	0.9985	0	13.336	3.088	24	5	36	8	0.99	0.9985	0	15.606	3.238	24	5	49	6
6	0	0.9979	0.9985	0.9979	12.208	3.236	9	5	5	2	0.9911	0.9985	0	14.873	3.421	9	5	52	6
6	0	0.9939	0.9982	0	11.828	3.08	60	6	5	2	0.9905	0.9982	0	12.863	3.174	60	6	60	6
6	0	0.994	0.9986	0	12.348	3.312	13	7	11	6	0.99	0.9986	0	14.61	3.311	13	7	67	6
6	0	0.998	0.9989	0.9979	14.724	3.74	51	6	44	11	0.9894	0.9989	0	14.803	3.427	51	6	38	5
6	0	0.9821	0.9985	0	17.28	4.148	68	6	58	6	0.99	0.9985	0	17.122	3.701	68	6	26	5
6	0	0.994	0.9986	0	14.268	2.968	64	6	13	5	0.9883	0.9986	0	16.155	3.335	64	6	54	6
7	0	0.998	0.9985	0.998	13.692	3.024	24	5	13	4	0.991	0.9985	0	15.367	3.212	24	5	49	6
7	0	0.9939	0.9985	0	11.696	3.364	9	5	9	4	0.9914	0.9985	0	14.476	3.413	9	5	52	6
7	0	0.9979	0.9984	0.9978	11.44	3.092	13	5	13	4	0.9914	0.9984	0	12.685	3.163	13	5	60	6
7	0	0.998	0.9986	0.9979	12.192	3.284	13	7	3	1	0.991	0.9986	0	14.307	3.308	13	7	67	6
7	0	0.998	0.9989	0.998	15.452	3.804	51	6	6	2	0.9905	0.9989	0	14.884	3.474	51	6	38	5
7	0	0.994	0.9985	0	16.392	4.032	68	6	66	6	0.9905	0.9985	0	17.031	3.743	68	6	26	5
7	0	0.994	0.9986	0	14.8	3.036	64	6	97	10	0.989	0.9986	0	15.986	3.297	64	6	54	6
8	0	0.998	0.9985	0.997	13.6	3.056	24	5	34	6	0.9918	0.9985	0	15.17	3.194	24	5	49	6
8	0	0.9939	0.9985	0	11.072	3.296	9	5	36	8	0.9917	0.9985	0	14.098	3.4	9	5	52	6
8	0	0.9939	0.9984	0	11.428	3.068	13	5	18	5	0.9917	0.9984	0	12.545	3.153	13	5	60	6
8	0	0.9941	0.9986	0	11.46	3.16	13	7	75	13	0.9914	0.9986	0	13.991	3.291	13	7	67	6
8	0	0.994	0.9989	0	15.54	3.788	51	6	50	8	0.9909	0.9989	0	14.957	3.509	51	6	38	5
8	0	0.998	0.9985	0.9972	16.508	4.252	68	6	61	6	0.9914	0.9985	0	16.973	3.799	68	6	26	5
8	0	0.998	0.9986	0.9978	15.828	3.188	64	6	97	10	0.99	0.9986	0	15.968	3.285	64	6	54	6
9	0	0.994	0.9985	0	13.812	3.32	24	5	68	6	0.992	0.9985	0	15.034	3.207	24	5	49	6
9	0	0.9979	0.9985	0.9978	11.724	3.616	9	5	52	8	0.9923	0.9985	0	13.86	3.422	9	5	52	6
9	0	0.9979	0.9984	0.9977	11.148	3.032	13	5	55	6	0.9923	0.9984	0	12.406	3.141	13	5	60	6
9	0	0.994	0.9986	0	12.548	3.404	13	7	6	2	0.9916	0.9986	0	13.847	3.302	13	7	67	6
9	0	0.998	0.9989	0.9979	16.084	3.816	46	6	10	4	0.9916	0.9989	0	15.07	3.54	46	6	38	5
9	0	0.9821	0.9985	0	15.884	4.132	68	6	48	11	0.9904	0.9985	0	16.864	3.832	68	6	26	5
9	0	0.998	0.9986	0.9978	17.144	3.392	64	6	69	7	0.9908	0.9986	0	16.086	3.296	64	6	54	6
10	0	0.994	0.9985	0	11.716	2.964	24	5	8	3	0.9922	0.9985	0	14.733	3.185	24	5	49	6
10	0	0.9939	0.9985	0	11.692	3.64	9	5	77	11	0.9925	0.9985	0	13.663	3.442	9	5	52	6
10	0	0.998	0.9986	0.9971	12.252	3.492	13	7	7	3	0.9922	0.9986	0	13.702	3.32	13	7	67	6
10	0	0.998	0.9989	0.998	16.664	3.992	46	6	5	3	0.9922	0.9989	0	15.215	3.581	46	6	38	5
10	0	0.99	0.9986	0	19.128	3.76	64	6	77	6	0.9907	0.9986	0	16.362	3.338	64	6	54	6
11	0	0.998	0.9989	0.9979	12.228	3	9	5	71	7	0.9927	0.9989	0	14.524	3.169	9	5	49	6
11	0	0.978	0.9985	0	9.924	3.336	9	5	57	9	0.9913	0.9985	0	13.352	3.433	9	5	52	6
11	0	0.998	0.9986	0.9971	9.996	3.144	13	7	7	3	0.9927	0.9986	0	13.393	3.305	13	7	67	6
11	0	0.998	0.9989	0.9979	17.052	4.116	46	6	39	10	0.9927	0.9989	0	15.368	3.626	46	6	38	5
11	0	0.998	0.9986	0.9978	19.82	4.052	64	6	104	11	0.9913	0.9986	0	16.65	3.398	64	6	54	6
12	0	0.994	0.9989	0	11.948	3.108	9	5	23	7	0.9928	0.9989	0	14.326	3.165	9	5	49	6
12	0	0.9939	0.9985	0	7.732	2.804	9	5	66	13	0.9915	0.9985	0	12.919	3.385	9	5	52	6
12	0	0.998	0.9986	0.9971	9.328	2.94	13	7	5	2	0.9931	0.9986	0	13.08	3.277	13	7	67	6
12	0	0.998	0.9989	0.9979	16.932	4.156	46	6	6	3	0.9931	0.9989	0	15.488	3.666	46	6	38	5
12	0	0.994	0.9986	0	22.284	4.416	64	6	57	6	0.9916	0.9986	0	17.084	3.476	64	6	54	6
13	0	0.994	0.9989	0	10.712	2.92	9	5	59	9	0.9929	0.9989	0	14.068	3.147	9	5	49	6
13	0	0.9979	0.9985	0.9978	6.788	2.6	9	5	6	3	0.9919	0.9985	0	12.481	3.329	9	5	52	6
13	0	0.9901	0.9986	0	8.48	2.832	13	7	34	6	0.9929	0.9986	0	12.752	3.245	13	7	67	6
13	0	0.998	0.9989	0.998	16.324	4.096	46	6	3	1	0.9934	0.9989	0	15.548	3.697	46	6	38	5
13	0	0.994	0.9986	0	21.556	4.424	64	6	30	9	0.9917	0.9986	0	17.403	3.544	64	6	54	6
14	0	0.998	0.9989	0.9978	10.448	2.976	9	5	19	7	0.9932	0.9989	0	13.826	3.136	9	5	49	6
14	0	0.9899	0.9985	0	7.736	2.796	9	5	53	10	0.9918	0.9985	0	12.165	3.293	9	5	52	6
14	0	0.998	0.9986	0.9979	7.508	2.68	13	7	3	1	0.9932	0.9986	0	12.402	3.207	13	7	67	6
14	0	0.998	0.9989	0.9979	15.96	3.984	46	6	3	1	0.9937	0.9989	0	15.575	3.716	46	6	38	5
14	0	0.994	0.9986	0	21.364	4.424	64	6	15	6	0.9919	0.9986	0	17.667	3.602	64	6	54	6
15	0	0.998	0.9989	0.998	11.2	3.08	9	5	1	0	0.9935	0.9989	0	13.662	3.132	9	5	49	6
15	0	0.998	0.9986	0.9979	7.176	2.492	13	7	6	2	0.9935	0.9986	0	12.075	3.163	13	7	67	6
15	0	0.998	0.9989	0.998	14.34	3.824	46	6	3	1	0.994	0.9989	0	15.498	3.723	46	6	38	5
16	0	0.994	0.9989	0	12.392	3.324	9	5	35	10	0.9936	0.9989	0	13.588	3.144	9	5	49	6
16	0	0.994	0.9986	0	7.32	2.532	13	7	19	9	0.9936	0.9986	0	11.796	3.126	13	7	67	6
16	0	0.998	0.9989	0.9979	15.756	4.088	46	6	8	5	0.9942	0.9989	0	15.513	3.744	46	6	38	5
17	0	0.998	0.9989	0.998	10.96	3.08	9	5	3	1	0.9938	0.9989	0	13.442	3.14	9	5	49	6
17	0	0.998	0.9986	0.9979	6.428	2.256	13	7	11	7	0.9938	0.9986	0	11.498	3.077	13	7	67	6
17	0	0.998	0.9989	0.998	16.156	4.096	46	6	1	0	0.9944	0.9989	0	15.549	3.764	46	6	38	5
18	0	0.998	0.9989	0.998	10.472	3.044	9	5	17	5	0.994	0.9989	0	13.285	3.135	9	5	49	6
18	0	0.998	0.9986	0.9979	6.668	2.384	13	7	4	2	0.994	0.9986	0	11.243	3.041	13	7	67	6
18	0	0.998	0.9989	0.998	13.816	3.776	46	6	3	1	0.9946	0.9989	0	15.458	3.765	46	6	38	5
19	0	0.998	0.9989	0.998	11.036	3.168	9	5	8	3	0.9942	0.9989	0	13.173	3.137	9	5	49	6
19	0	0.998	0.9986	0.9958	5.972	2.196	13	7	13	6	0.9942	0.9986	0	10.98	2.999	13	7	67	6
19	0	0.998	0.9989	0.998	12.308	3.272	46	6	12	5	0.9948	0.9989	0	15.3	3.74	46	6	38	5
20	0	0.998	0.9989	0.998	10.56	3.012	9	5	3	1	0.9944	0.9989	0	13.048	3.131	9	5	49	6
20	0	0.998	0.9989	0.998	12.064	3.216	46	6	13	5	0.9949	0.9989	0	15.146	3.715	46	6	38	5
21	0	0.998	0.9989	0.9778	11.964	3.196	9	5	15	5	0.9946	0.9989	0	12.999	3.134	9	5	49	6
21	0	0.998	0.9989	0.9975	12.012	3.268	46	6	18	5	0.9951	0.9989	0	15.004	3.695	46	6	38	5
22	0	0.994	0.9989	0	13.156	3.328	9	5	62	8	0.9946	0.9989	0	13.006	3.142	9	5	49	6
22	0	0.998	0.9989	0.998	12.36	3.28	46	6	5	3	0.9952	0.9989	0	14.889	3.677	46	6	38	5
23	0	0.994	0.9989	0	13.928	3.384	9	5	11	5	0.9945	0.9989	0	13.044	3.152	9	5	49	6
23	0	0.994	0.9989	0	13.732	3.564	46	6	16	5	0.9952	0.9989	0	14.841	3.672	46	6	38	5
24	0	0.994	0.9989	0	14.008	3.504	9	5	94	12	0.9945	0.9989	0	13.083	3.166	9	5	49	6
24	0	0.998	0.9989	0.998	12.172	3.328	46	6	1	0	0.9953	0.9989	0	14.734	3.658	46	6	38	5
25	0	0.998	0.9989	0.9977	11.952	3.28	46	6	46	6	0.9954	0.9989	0	14.627	3.644	46	6	38	5
26	0	0.998	0.9989	0.998	12.204	3.376	46	6	6	2	0.9955	0.9989	0	14.537	3.634	46	6	38	5
27	0	0.994	0.9989	0	12.952	3.74	46	6	12	5	0.9954	0.9989	0	14.48	3.638	46	6	38	5
28	0	0.998	0.9989	0.998	12.724	3.78	46	6	19	7	0.9955	0.9989	0	14.42	3.642	46	6	38	5
29	0	0.994	0.9989	0	12.752	3.888	46	6	10	4	0.9955	0.9989	0	14.364	3.651	46	6	38	5
30	0	0.994	0.9989	0	12.664	3.708	46	6	53	9	0.9954	0.9989	0	14.309	3.653	46	6	38	5
31	0	0.998	0.9989	0.9979	12	3.74	46	6	9	6	0.9955	0.9989	0	14.237	3.655	46	6	38	5
32	0	0.994	0.9989	0	11.408	3.572	46	6	48	10	0.9955	0.9989	0	14.152	3.653	46	6	38	5
33	0	0.998	0.9989	0.998	10.956	3.5	46	6	29	9	0.9955	0.9989	0	14.058	3.648	46	6	38	5
34	0	0.994	0.9989	0	11.74	3.472	46	6	19	5	0.9955	0.9989	0	13.991	3.643	46	6	38	5
35	0	0.99	0.9989	0	11.304	3.36	46	6	50	11	0.9953	0.9989	0	13.917	3.635	46	6	38	5
36	0	0.998	0.9989	0.9979	11.72	3.48	46	6	34	5	0.9954	0.9989	0	13.857	3.631	46	6	38	5
37	0	0.994	0.9989	0	11.964	3.56	46	6	28	9	0.9954	0.9989	0	13.807	3.629	46	6	38	5
38	0	0.994	0.9989	0	10.636	3.284	46	6	18	8	0.9953	0.9989	0	13.726	3.62	46	6	38	5
39	0	0.998	0.9989	0.9979	10.264	3.156	46	6	5	2	0.9954	0.9989	0	13.64	3.609	46	6	38	5
40	0	0.998	0.9989	0.998	10.032	3.164	46	6	4	2	0.9955	0.9989	0	13.552	3.598	46	6	38	5
41	0	0.998	0.9989	0.998	10.072	3.14	46	6	69	15	0.9955	0.9989	0	13.469	3.587	46	6	38	5
42	0	0.99	0.9989	0	11.108	3.528	46	6	10	3	0.9954	0.9989	0	13.414	3.586	46	6	38	5
43	0	0.994	0.9989	0	8.944	2.944	46	6	63	16	0.9954	0.9989	0	13.312	3.571	46	6	38	5
44	0	0.998	0.9989	0.998	7.296	2.456	46	6	5	2	0.9954	0.9989	0	13.179	3.546	46	6	38	5
45	0	0.998	0.9989	0.998	6.924	2.36	46	6	6	4	0.9955	0.9989	0	13.043	3.521	46	6	38	5
46	0	0.998	0.9989	0.9979	7.2	2.416	46	6	6	3	0.9955	0.9989	0	12.918	3.497	46	6	38	5
47	0	0.998	0.9989	0.998	7.632	2.468	46	6	4	2	0.9956	0.9989	0	12.808	3.476	46	6	38	5
48	0	0.998	0.9989	0.9979	7.328	2.32	46	6	5	2	0.9956	0.9989	0	12.696	3.452	46	6	38	5
49	0	0.998	0.9989	0.998	7.304	2.268	46	6	3	1	0.9957	0.9989	0	12.588	3.428	46	6	38	5
50	0	0.998	0.9989	0.998	7.568	2.34	46	6	1	0	0.9957	0.9989	0	12.49	3.407	46	6	38	5
